"year","last_name, first_name","pitcher_id","team_name","team_name_abbrev","pitch_hand","avg_speed","pitches_thrown","total_pitches","pitches_per_game","pitch_per","pitch_type","pitch_type_name","pitcher_break_z","league_break_z","diff_z","rise","pitcher_break_z_induced","pitcher_break_x","league_break_x","diff_x","tail","percent_rank_diff_z","percent_rank_diff_x"
"2024","Gore, MacKenzie","669022","Nationals","WSH","L","96","1654","2994",18.48148148148148,0.552438209752839,"FF","4-Seam Fastball",12.1,-13.7,1.6,"11",17.6,5.9,-7.3,-1.4,"-19",0.8674698795180723,0.28433734939759037
"2024","Peralta, Freddy","642547","Brewers","MIL","R","94.3","1652","3066",18.925925925925927,0.5388127853881278,"FF","4-Seam Fastball",14.2,-15.7,1.4,"9",16.7,6.8,-8.4,-1.6,"-19",0.8313253012048193,0.2433734939759036
"2024","Rodón, Carlos","607074","Yankees","NYY","L","95.4","1531","3102",19.14814814814815,0.4935525467440361,"FF","4-Seam Fastball",12.4,-13.6,1.2,"9",17.8,8.8,-7.1,1.8,"25",0.7975903614457831,0.7036144578313253
"2024","Gausman, Kevin","592332","Blue Jays","TOR","R","93.9","1512","2958",18.25925925925926,0.5111561866125761,"FF","4-Seam Fastball",14.2,-15.2,1,"6",17,10.8,-7.4,3.4,"45",0.744578313253012,0.8843373493975903
"2024","Greene, Hunter","668881","Reds","CIN","R","97.6","1416","2563",15.820987654320987,0.5524775653531019,"FF","4-Seam Fastball",12.2,-12.8,0.5,"4",16.6,8.9,-7.6,1.3,"16",0.6602409638554216,0.6409638554216868
"2024","Cease, Dylan","656302","Padres","SD","R","96.9","1388","3188",19.679012345679013,0.4353826850690088,"FF","4-Seam Fastball",10.8,-13,2.2,"17",18.4,2.5,-7.4,-4.9,"-67",0.9421686746987952,0.060240963855421686
"2024","Kikuchi, Yusei","579328","Astros","HOU","L","95.5","1374","2923",18.15527950310559,0.4700650017105713,"FF","4-Seam Fastball",13.2,-14.8,1.6,"11",16.9,7.9,-8.3,-0.5,"-6",0.8674698795180723,0.40240963855421685
"2024","Heaney, Andrew","571760","Rangers","TEX","L","91.5","1367","2731",16.858024691358025,0.5005492493592091,"FF","4-Seam Fastball",19.1,-18.4,-0.7,"-4",13.9,15.7,-10.2,5.5,"54",0.39036144578313253,0.9783132530120482
"2024","Imanaga, Shota","684007","Cubs","CHC","L","91.7","1347","2590",15.987654320987655,0.5200772200772201,"FF","4-Seam Fastball",14.4,-17,2.6,"15",18.3,10.2,-8.2,2,"25",0.9662650602409638,0.7325301204819277
"2024","Nelson, Ryne","669194","D-backs","AZ","R","95.2","1341","2406",14.851851851851851,0.557356608478803,"FF","4-Seam Fastball",11.9,-13.9,2,"14",18.3,5.7,-6.9,-1.2,"-17",0.9204819277108434,0.3156626506024096
"2024","Ragans, Cole","666142","Royals","KC","L","95.4","1303","3118",19.246913580246915,0.41789608723540733,"FF","4-Seam Fastball",12.9,-13.6,0.8,"6",17.3,12.6,-7,5.6,"80",0.7060240963855422,0.983132530120482
"2024","Gil, Luis","661563","Yankees","NYY","R","96.6","1299","2664",16.444444444444443,0.48761261261261263,"FF","4-Seam Fastball",12.2,-13.5,1.3,"10",17.2,5.6,-7.5,-1.9,"-26",0.8120481927710843,0.21927710843373494
"2024","Wheeler, Zack","554430","Phillies","PHI","R","95.3","1296","3134",19.34567901234568,0.4135290363752393,"FF","4-Seam Fastball",15.5,-15.1,-0.5,"-3",14.6,9.5,-8.7,0.8,"10",0.42409638554216866,0.5807228915662651
"2024","Castillo, Luis","622491","Mariners","SEA","R","95.6","1295","2859",17.64814814814815,0.45295557887373206,"FF","4-Seam Fastball",17.8,-17.3,-0.5,"-3",12.2,12.5,-11.4,1.1,"9",0.42409638554216866,0.6168674698795181
"2024","Crochet, Garrett","676979","White Sox","CWS","L","97.1","1272","2395",14.783950617283951,0.5311064718162839,"FF","4-Seam Fastball",13.5,-12.8,-0.7,"-6",15.5,8.1,-7.2,1,"14",0.39036144578313253,0.6048192771084338
"2024","Cortes, Nestor","641482","Yankees","NYY","L","92.1","1259","2849",17.58641975308642,0.4419094419094419,"FF","4-Seam Fastball",13.2,-15.9,2.7,"17",19.2,4.8,-7.3,-2.4,"-34",0.9686746987951808,0.16626506024096385
"2024","Abbott, Andrew","671096","Reds","CIN","L","92.8","1249","2333",14.401234567901234,0.5353621945992285,"FF","4-Seam Fastball",15.5,-15.7,0.2,"1",16.3,8.9,-7.1,1.8,"25",0.5759036144578313,0.7036144578313253
"2024","Bibee, Tanner","676440","Guardians","CLE","R","94.6","1237","2851",17.70807453416149,0.43388284812346545,"FF","4-Seam Fastball",14.7,-14.1,-0.6,"-4",15.8,4.2,-6.8,-2.5,"-38",0.40963855421686746,0.15180722891566265
"2024","Steele, Justin","657006","Cubs","CHC","L","91.6","1218","2046",12.62962962962963,0.5953079178885631,"FF","4-Seam Fastball",19.2,-16.1,-3.2,"-20",13.2,0.2,-6.6,-6.4,"-96",0.0891566265060241,0.02650602409638554
"2024","López, Pablo","641154","Twins","MIN","R","95","1212","2986",18.432098765432098,0.40589417280643003,"FF","4-Seam Fastball",15.8,-14.6,-1.2,"-8",14.4,5.6,-7.7,-2.1,"-27",0.28674698795180725,0.20240963855421687
"2024","Harrison, Kyle","690986","Giants","SF","L","92.5","1198","2078",12.82716049382716,0.5765158806544755,"FF","4-Seam Fastball",21.3,-18,-3.3,"-18",10.8,14.7,-10.4,4.3,"42",0.08433734939759036,0.9301204819277108
"2024","Parker, Mitchell","680730","Nationals","WSH","L","92.5","1168","2404",14.839506172839506,0.4858569051580699,"FF","4-Seam Fastball",14.4,-15.5,1.1,"7",17.6,5.2,-6.5,-1.3,"-20",0.7662650602409639,0.2987951807228916
"2024","López, Reynaldo","625643","Braves","ATL","R","95.5","1162","2110",13.024691358024691,0.5507109004739337,"FF","4-Seam Fastball",13.6,-14.2,0.6,"4",16.4,7.4,-7.5,-0.1,"-1",0.6795180722891566,0.4602409638554217
"2024","Miller, Bryce","682243","Mariners","SEA","R","95.2","1162","2749",16.969135802469136,0.42269916333212076,"FF","4-Seam Fastball",12,-14.7,2.8,"19",18.3,6.3,-7.9,-1.5,"-19",0.9759036144578314,0.26506024096385544
"2024","Gallen, Zac","668678","D-backs","AZ","R","93.7","1161","2506",15.469135802469136,0.4632881085395052,"FF","4-Seam Fastball",14.3,-15.1,0.8,"5",16.9,4.7,-7.1,-2.4,"-34",0.7060240963855422,0.16626506024096385
"2024","Pivetta, Nick","601713","Red Sox","BOS","R","93.9","1160","2387",14.734567901234568,0.48596564725596986,"FF","4-Seam Fastball",11.2,-13.4,2.3,"17",19.9,4,-5.5,-1.5,"-27",0.946987951807229,0.26506024096385544
"2024","Anderson, Tyler","542881","Angels","LAA","L","89.4","1154","2914",17.987654320987655,0.39601921757035,"FF","4-Seam Fastball",14.7,-16.8,2.1,"13",19.7,4.1,-5.4,-1.3,"-24",0.9253012048192771,0.2987951807228916
"2024","Irvin, Jake","663623","Nationals","WSH","R","93.9","1152","3046",18.80246913580247,0.37820091923834537,"FF","4-Seam Fastball",16.6,-14.9,-1.7,"-11",14.3,10.1,-7.2,2.9,"40",0.21445783132530122,0.8385542168674699
"2024","Flaherty, Jack","656427","Dodgers","LAD","R","93.3","1138","2646",16.333333333333332,0.43008314436885864,"FF","4-Seam Fastball",16,-16,0.1,"0",15.4,4.2,-8,-3.9,"-48",0.5542168674698795,0.0891566265060241
"2024","Suárez, Albert","544150","Orioles","BAL","R","94.8","1116","2234",13.790123456790123,0.4995523724261415,"FF","4-Seam Fastball",14.1,-13.8,-0.3,"-2",16.4,7,-6.5,0.5,"8",0.45542168674698796,0.5277108433734939
"2024","Pepiot, Ryan","686752","Rays","TB","R","94.9","1088","2149",13.265432098765432,0.5062819916240112,"FF","4-Seam Fastball",11.2,-14.3,3.1,"22",19.4,8.8,-7.1,1.7,"24",0.9855421686746988,0.6939759036144578
"2024","Canning, Griffin","656288","Angels","LAA","R","93.4","1079","2869",17.709876543209877,0.37608922969675845,"FF","4-Seam Fastball",15.2,-15.3,0,"0",16.2,8.1,-7.5,0.6,"8",0.5301204819277109,0.5373493975903615
"2024","Sale, Chris","519242","Braves","ATL","L","94.8","1063","2815",17.376543209876544,0.37761989342806396,"FF","4-Seam Fastball",20.4,-15.8,-4.6,"-29",10.2,14.9,-9,5.9,"66",0.033734939759036145,0.9903614457831326
"2024","Gomber, Austin","596295","Rockies","COL","L","90.4","1057","2622",16.185185185185187,0.40312738367658274,"FF","4-Seam Fastball",16.4,-15.9,-0.4,"-3",17,7.6,-5.4,2.2,"40",0.43855421686746987,0.7542168674698795
"2024","Blanco, Ronel","669854","Astros","HOU","R","93.4","1055","2751",17.08695652173913,0.38349691021446747,"FF","4-Seam Fastball",12.9,-14.8,1.9,"13",18.5,7.3,-6.6,0.7,"11",0.908433734939759,0.5590361445783133
"2024","Estes, Joey","683155","Athletics","OAK","R","92.4","1048","2027",12.512345679012345,0.5170202269363592,"FF","4-Seam Fastball",15.6,-15.8,0.2,"1",16.6,9.6,-7.3,2.3,"32",0.5759036144578313,0.7686746987951807
"2024","Sears, JP","676664","Athletics","OAK","L","91.9","1037","2857",17.635802469135804,0.36296814840742037,"FF","4-Seam Fastball",17.7,-18.4,0.7,"4",14.8,11.6,-10.6,1.1,"10",0.6939759036144578,0.6168674698795181
"2024","Falter, Bailey","663559","Pirates","PIT","L","91.8","1035","2138",13.197530864197532,0.48409728718428435,"FF","4-Seam Fastball",14.7,-16,1.3,"8",17.7,2.7,-6.6,-3.9,"-60",0.8120481927710843,0.0891566265060241
"2024","Flexen, Chris","623167","White Sox","CWS","R","91.3","1034","2797",17.265432098765434,0.36968180193064,"FF","4-Seam Fastball",14.6,-15,0.4,"3",18.2,1.6,-5.4,-3.8,"-71",0.6385542168674698,0.09879518072289156
"2024","Arrighetti, Spencer","681293","Astros","HOU","R","94.1","1027","2505",15.559006211180124,0.4099800399201597,"FF","4-Seam Fastball",15.8,-16.1,0.3,"2",15.3,11.9,-9.1,2.8,"31",0.6048192771084338,0.8313253012048193
"2024","Ober, Bailey","641927","Twins","MIN","R","91.7","1025","2696",16.641975308641975,0.3801928783382789,"FF","4-Seam Fastball",15.7,-15.7,0,"0",16.8,7.9,-6.2,1.7,"27",0.5301204819277109,0.6939759036144578
"2024","Severino, Luis","622663","Mets","NYM","R","96.2","1024","2890",17.839506172839506,0.3543252595155709,"FF","4-Seam Fastball",13.9,-13.6,-0.3,"-2",15.7,6.5,-7.5,-1.1,"-14",0.45542168674698796,0.3325301204819277
"2024","Ryan, Joe","657746","Twins","MIN","R","94","1021","2106",13,0.48480531813865146,"FF","4-Seam Fastball",17.2,-17.5,0.3,"2",13.8,11.8,-10.9,0.9,"8",0.6048192771084338,0.5903614457831325
"2024","Kirby, George","669923","Mariners","SEA","R","96","1007","2967",18.314814814814813,0.33940006740815637,"FF","4-Seam Fastball",13.9,-13.8,-0.2,"-1",15.8,9.3,-7.4,1.9,"26",0.4771084337349398,0.7228915662650602
"2024","Brown, Hunter","686613","Astros","HOU","R","96","1004","2889",17.944099378881987,0.3475250951886466,"FF","4-Seam Fastball",12.3,-13.2,0.9,"7",17.5,5.1,-6.8,-1.8,"-26",0.7204819277108434,0.22650602409638554
"2024","Pallante, Andre","669467","Cardinals","STL","R","94.5","989","1978",12.209876543209877,0.5,"FF","4-Seam Fastball",21,-14.5,-6.5,"-45",9.5,0.1,-7.1,-7,"-99",0.004819277108433735,0.016867469879518072
"2024","Eovaldi, Nathan","543135","Rangers","TEX","R","95.4","980","2622",16.185185185185187,0.37376048817696417,"FF","4-Seam Fastball",18.5,-15,-3.6,"-24",11.7,13.8,-8.4,5.5,"66",0.06265060240963856,0.9783132530120482
"2024","Lynn, Lance","458681","Cardinals","STL","R","92.3","963","2039",12.58641975308642,0.47229033840117707,"FF","4-Seam Fastball",19.1,-16.4,-2.7,"-17",13,4.1,-7.6,-3.5,"-46",0.12048192771084337,0.1108433734939759
"2024","Bradley, Taj","671737","Rays","TB","R","96.4","957","2294",14.160493827160494,0.41717523975588494,"FF","4-Seam Fastball",11,-13.3,2.3,"17",18.7,5.7,-7.3,-1.6,"-21",0.946987951807229,0.2433734939759036
"2024","Feltner, Ryan","663372","Rockies","COL","R","94.6","953","2578",15.91358024691358,0.36966640806827,"FF","4-Seam Fastball",17,-15.2,-1.8,"-12",13.3,5.3,-8.1,-2.8,"-34",0.19759036144578312,0.13975903614457832
"2024","Crawford, Kutter","676710","Red Sox","BOS","R","92.6","952","2823",17.425925925925927,0.33722989727240527,"FF","4-Seam Fastball",12.4,-15.6,3.1,"20",19.7,7.6,-7.1,0.5,"8",0.9855421686746988,0.5277108433734939
"2024","Jones, Jared","683003","Pirates","PIT","R","97.3","942","1912",11.802469135802468,0.49267782426778245,"FF","4-Seam Fastball",11.8,-13.6,1.8,"13",17.1,8.4,-8.3,0.1,"2",0.8939759036144578,0.4771084337349398
"2024","Paxton, James","572020","Red Sox","BOS","L","93.2","941","1708",10.54320987654321,0.5509367681498829,"FF","4-Seam Fastball",17.6,-15.2,-2.4,"-16",13.8,10.5,-6.9,3.6,"53",0.1493975903614458,0.9060240963855422
"2024","Skubal, Tarik","669373","Tigers","DET","L","96.9","934","2866",17.691358024691358,0.3258897418004187,"FF","4-Seam Fastball",13,-13,0,"0",16.2,6.5,-7.3,-0.8,"-11",0.5301204819277109,0.38072289156626504
"2024","Pfaadt, Brandon","694297","D-backs","AZ","R","93.8","932","2793",17.24074074074074,0.33369137128535625,"FF","4-Seam Fastball",16.1,-15.4,-0.7,"-4",14.8,5.6,-7.6,-2,"-26",0.39036144578313253,0.20963855421686747
"2024","Fried, Max","608331","Braves","ATL","L","93.9","927","2762",17.049382716049383,0.33562635771180305,"FF","4-Seam Fastball",19.9,-14.9,-5,"-34",11,0.1,-7.1,-7.1,"-101",0.024096385542168676,0.012048192771084338
"2024","Woods Richardson, Simeon","680573","Twins","MIN","R","93.1","924","2295",14.166666666666666,0.40261437908496733,"FF","4-Seam Fastball",14.1,-14.7,0.6,"4",17.5,5.8,-6.2,-0.4,"-6",0.6795180722891566,0.41445783132530123
"2024","Gilbert, Logan","669302","Mariners","SEA","R","96.6","923","3042",18.77777777777778,0.3034188034188034,"FF","4-Seam Fastball",13.1,-13.4,0.3,"2",16.2,7.1,-7,0.1,"2",0.6048192771084338,0.4771084337349398
"2024","Kopech, Michael","656629","Dodgers","LAD","R","98.7","896","1143",7.055555555555555,0.7839020122484689,"FF","4-Seam Fastball",10,-12.5,2.4,"20",18.2,9.7,-8.1,1.6,"20",0.9566265060240964,0.6843373493975904
"2024","Glasnow, Tyler","607192","Dodgers","LAD","R","96.3","895","2011",12.41358024691358,0.4450522128294381,"FF","4-Seam Fastball",13.1,-13.4,0.3,"2",16.3,0.3,-6.7,-6.4,"-96",0.6048192771084338,0.02650602409638554
"2024","Nola, Aaron","605400","Phillies","PHI","R","92.5","887","3189",19.685185185185187,0.27814361868924425,"FF","4-Seam Fastball",17.4,-17.7,0.2,"1",14.6,11.9,-9.4,2.5,"27",0.5759036144578313,0.7951807228915663
"2024","Rodriguez, Grayson","680570","Orioles","BAL","R","96.1","874","1879",11.598765432098766,0.4651410324640766,"FF","4-Seam Fastball",13.9,-13.9,0,"0",15.9,12.6,-7.6,5,"66",0.5301204819277109,0.9590361445783132
"2024","Montas, Frankie","593423","Brewers","MIL","R","95.6","873","2633",16.253086419753085,0.33156095708317507,"FF","4-Seam Fastball",14.5,-14.2,-0.3,"-2",15.3,5.1,-7.9,-2.8,"-35",0.45542168674698796,0.13975903614457832
"2024","Keller, Mitch","656605","Pirates","PIT","R","94.4","865","2851",17.598765432098766,0.303402314977201,"FF","4-Seam Fastball",16.2,-15,-1.3,"-8",14.4,9.1,-7.6,1.5,"20",0.27710843373493976,0.6674698795180722
"2024","Myers, Tobias","668964","Brewers","MIL","R","92.9","863","2152",13.283950617283951,0.4010223048327137,"FF","4-Seam Fastball",12.6,-15.6,3,"19",19.1,5,-7,-2,"-29",0.980722891566265,0.20963855421686747
"2024","Herz, DJ","687792","Nationals","WSH","L","93.5","860","1586",9.790123456790123,0.5422446406052963,"FF","4-Seam Fastball",15.4,-15.3,-0.1,"-1",15.9,12.4,-7.2,5.1,"71",0.5012048192771085,0.9614457831325302
"2024","Vodnik, Victor","680767","Rockies","COL","R","97.9","849","1341",8.277777777777779,0.6331096196868009,"FF","4-Seam Fastball",14.3,-13.5,-0.8,"-6",14,6.5,-8.5,-2,"-24",0.3566265060240964,0.20963855421686747
"2024","Woo, Bryan","693433","Mariners","SEA","R","94.8","839","1716",10.592592592592593,0.48892773892773894,"FF","4-Seam Fastball",15.2,-16.2,1.1,"7",15.3,9.4,-9.5,-0.1,"-1",0.7662650602409639,0.4602409638554217
"2024","Skenes, Paul","694973","Pirates","PIT","R","98.8","834","2125",13.117283950617283,0.3924705882352941,"FF","4-Seam Fastball",17.4,-12.8,-4.6,"-36",10.6,14.4,-8.4,6,"71",0.033734939759036145,0.9927710843373494
"2024","Snell, Blake","605483","Giants","SF","L","95.9","822","1773",10.944444444444445,0.46362098138747887,"FF","4-Seam Fastball",11.1,-12.7,1.6,"13",18.7,5.8,-6.3,-0.5,"-8",0.8674698795180723,0.40240963855421685
"2024","Smith, Cade","671922","Guardians","CLE","R","96","806","1166",7.24223602484472,0.6912521440823327,"FF","4-Seam Fastball",13.7,-13.7,0,"0",16,8.5,-7.2,1.3,"18",0.5301204819277109,0.6409638554216868
"2024","Allen, Logan","671106","Guardians","CLE","L","91.2","805","1665",10.341614906832298,0.48348348348348347,"FF","4-Seam Fastball",17.4,-17.4,0,"0",15.4,8.5,-8.3,0.2,"2",0.5301204819277109,0.491566265060241
"2024","Morton, Charlie","450203","Braves","ATL","R","94.1","804","2791",17.228395061728396,0.28806879254747403,"FF","4-Seam Fastball",20.4,-15.7,-4.8,"-30",10.5,13.6,-8.3,5.3,"63",0.02650602409638554,0.9734939759036144
"2024","Lodolo, Nick","666157","Reds","CIN","L","94.1","801","1864",11.506172839506172,0.42972103004291845,"FF","4-Seam Fastball",21.3,-15.6,-5.7,"-37",9.8,17.3,-8.2,9.1,"111",0.014457831325301205,0.9975903614457832
"2024","Francis, Bowden","670102","Blue Jays","TOR","R","92.9","800","1559",9.623456790123457,0.5131494547787043,"FF","4-Seam Fastball",13.9,-15.6,1.6,"10",17.9,6,-6.9,-0.9,"-13",0.8674698795180723,0.3614457831325301
"2024","Marsh, Alec","679525","Royals","KC","R","94.2","799","2161",13.339506172839506,0.36973623322535865,"FF","4-Seam Fastball",15.8,-15.3,-0.5,"-3",15,9.6,-7.9,1.8,"22",0.42409638554216866,0.7036144578313253
"2024","Verlander, Justin","434378","Astros","HOU","R","93.5","769","1580",9.813664596273291,0.48670886075949366,"FF","4-Seam Fastball",12.3,-13.5,1.2,"9",19.3,8.6,-6.3,2.3,"37",0.7975903614457831,0.7686746987951807
"2024","Lively, Ben","594902","Guardians","CLE","R","89.9","756","2406",14.944099378881987,0.314214463840399,"FF","4-Seam Fastball",18.5,-18.9,0.4,"2",15.3,8.5,-8.4,0.1,"1",0.6385542168674698,0.4771084337349398
"2024","Mikolas, Miles","571945","Cardinals","STL","R","93.2","753","2705",16.69753086419753,0.27837338262476896,"FF","4-Seam Fastball",17.8,-14.8,-3,"-20",13.7,6.2,-6.6,-0.3,"-5",0.0963855421686747,0.42409638554216866
"2024","Lugo, Seth","607625","Royals","KC","R","92.2","746","3112",19.209876543209877,0.2397172236503856,"FF","4-Seam Fastball",16.6,-16.6,0,"0",15.4,6.7,-8.2,-1.4,"-17",0.5301204819277109,0.28433734939759037
"2024","Taillon, Jameson","592791","Cubs","CHC","R","92.3","735","2483",15.32716049382716,0.29601288763592426,"FF","4-Seam Fastball",16,-15.7,-0.3,"-2",16.1,6.9,-6.6,0.2,"4",0.45542168674698796,0.491566265060241
"2024","Detmers, Reid","672282","Angels","LAA","L","93.8","729","1559",9.623456790123457,0.4676074406670943,"FF","4-Seam Fastball",13.5,-14.9,1.3,"9",17.7,8.8,-7.2,1.6,"22",0.8120481927710843,0.6843373493975904
"2024","Finnegan, Kyle","640448","Nationals","WSH","R","97.2","721","1067",6.58641975308642,0.6757263355201499,"FF","4-Seam Fastball",13.1,-13.3,0.2,"1",15.8,10.3,-7.7,2.6,"33",0.5759036144578313,0.8024096385542169
"2024","Gray, Jon","592351","Rangers","TEX","R","94.9","720","1620",10,0.4444444444444444,"FF","4-Seam Fastball",17,-15,-2,"-13",13.4,10.3,-8,2.2,"28",0.17590361445783131,0.7542168674698795
"2024","Rogers, Trevor","669432","Orioles","BAL","L","91.9","710","2243",13.845679012345679,0.31654034774855105,"FF","4-Seam Fastball",17.8,-16.4,-1.5,"-9",14.8,11.9,-7.1,4.8,"68",0.23373493975903614,0.9518072289156626
"2024","Cecconi, Slade","677944","D-backs","AZ","R","94.4","708","1291",7.969135802469136,0.5484120836560805,"FF","4-Seam Fastball",16.1,-15.1,-1,"-7",14.7,14,-7.7,6.3,"81",0.30843373493975906,0.9951807228915662
"2024","Williams, Gavin","668909","Guardians","CLE","R","96.6","702","1368",8.496894409937887,0.5131578947368421,"FF","4-Seam Fastball",14,-13.3,-0.8,"-6",15.3,11.2,-7.3,4,"54",0.3566265060240964,0.9228915662650602
"2024","Vesia, Alex","681911","Dodgers","LAD","L","93.4","701","1109",6.845679012345679,0.6321009918845807,"FF","4-Seam Fastball",11.2,-15.4,4.2,"28",20.3,6.2,-7.3,-1.1,"-15",1,0.3325301204819277
"2024","Cole, Gerrit","543037","Yankees","NYY","R","95.9","699","1534",9.469135802469136,0.4556714471968709,"FF","4-Seam Fastball",12.3,-13.8,1.5,"11",17.6,6.6,-7.5,-0.9,"-11",0.8481927710843373,0.3614457831325301
"2024","King, Michael","650633","Padres","SD","R","93.7","699","2895",17.87037037037037,0.24145077720207253,"FF","4-Seam Fastball",16.2,-15.4,-0.7,"-5",15.1,6,-7.8,-1.8,"-23",0.39036144578313253,0.22650602409638554
"2024","Suarez, Robert","663158","Padres","SD","R","99.1","698","977",6.030864197530864,0.714431934493347,"FF","4-Seam Fastball",10,-11.7,1.7,"15",18,7.3,-7.6,-0.3,"-4",0.8843373493975903,0.42409638554216866
"2024","Kremer, Dean","665152","Orioles","BAL","R","93.4","697","2171",13.401234567901234,0.3210502072777522,"FF","4-Seam Fastball",13.6,-15.2,1.6,"11",17.9,7.8,-7.2,0.6,"8",0.8674698795180723,0.5373493975903615
"2024","Akin, Keegan","669211","Orioles","BAL","L","93.9","695","1241",7.660493827160494,0.5600322320709106,"FF","4-Seam Fastball",12.9,-14.9,2.1,"14",18.3,9.9,-7.7,2.2,"29",0.9253012048192771,0.7542168674698795
"2024","Mize, Casey","663554","Tigers","DET","R","95.5","691","1789",11.04320987654321,0.38624930128563445,"FF","4-Seam Fastball",13.8,-14.1,0.3,"2",16.2,7.9,-7.3,0.5,"7",0.6048192771084338,0.5277108433734939
"2024","Scott, Tanner","656945","Padres","SD","L","97","689","1163",7.179012345679013,0.592433361994841,"FF","4-Seam Fastball",12.4,-14.6,2.2,"15",16.8,5,-8.8,-3.9,"-44",0.9421686746987952,0.0891566265060241
"2024","Harris, Hogan","663687","Athletics","OAK","L","92.9","683","1213",7.487654320987654,0.5630667765869745,"FF","4-Seam Fastball",15.1,-15.5,0.5,"3",16.9,10,-6.9,3.1,"45",0.6602409638554216,0.8674698795180723
"2024","McKenzie, Triston","663474","Guardians","CLE","R","91.1","682","1304",8.099378881987578,0.5230061349693251,"FF","4-Seam Fastball",13.2,-15.7,2.5,"16",19.7,1.6,-5.6,-4,"-72",0.9590361445783132,0.08433734939759036
"2024","Weaver, Luke","596133","Yankees","NYY","R","95.7","666","1374",8.481481481481481,0.4847161572052402,"FF","4-Seam Fastball",11.5,-14.5,3,"21",18.6,6.4,-8.2,-1.8,"-22",0.980722891566265,0.22650602409638554
"2024","Rainey, Tanner","663432","Nationals","WSH","R","94","666","939",5.796296296296297,0.7092651757188498,"FF","4-Seam Fastball",12.8,-14.7,1.9,"13",18.3,10.2,-7.1,3.1,"44",0.908433734939759,0.8674698795180723
"2024","Beeks, Jalen","656222","Pirates","PIT","L","94.5","660","1186",7.320987654320987,0.5564924114671164,"FF","4-Seam Fastball",15.1,-14.5,-0.6,"-4",15.3,5,-7.1,-2.2,"-30",0.40963855421686746,0.19036144578313252
"2024","Vest, Will","676684","Tigers","DET","R","96.1","651","1162",7.172839506172839,0.5602409638554217,"FF","4-Seam Fastball",14.2,-14.4,0.2,"1",15.4,9.2,-8.2,1,"12",0.5759036144578313,0.6048192771084338
"2024","Miller, Mason","695243","Athletics","OAK","R","100.9","646","1024",6.320987654320987,0.630859375,"FF","4-Seam Fastball",10.4,-11.3,0.8,"8",16.6,9.7,-8.6,1.1,"13",0.7060240963855422,0.6168674698795181
"2024","Montero, Keider","672456","Tigers","DET","R","94.7","641","1539",9.5,0.41650422352176736,"FF","4-Seam Fastball",15,-14.7,-0.3,"-2",15.5,6,-7.5,-1.6,"-21",0.45542168674698796,0.2433734939759036
"2024","Megill, Tylor","656731","Mets","NYM","R","95.7","636","1365",8.425925925925926,0.46593406593406594,"FF","4-Seam Fastball",13.8,-13.9,0.1,"1",16.2,6.8,-7.1,-0.4,"-5",0.5542168674698795,0.41445783132530123
"2024","Kimbrel, Craig","518886","Orioles","BAL","R","93.9","633","963",5.944444444444445,0.6573208722741433,"FF","4-Seam Fastball",15.7,-17.7,2,"11",15.5,9.6,-11,-1.4,"-13",0.9204819277108434,0.28433734939759037
"2024","Miller, Erik","669062","Giants","SF","L","96.9","631","1269",7.833333333333333,0.49724192277383766,"FF","4-Seam Fastball",13.1,-12.3,-0.8,"-6",16.1,8.5,-6.7,1.8,"27",0.3566265060240964,0.7036144578313253
"2024","Quintana, Jose","500779","Mets","NYM","L","90.7","630","2819",17.401234567901234,0.22348350478893225,"FF","4-Seam Fastball",17.2,-17.1,-0.1,"-1",16.2,3.9,-6.9,-3,"-44",0.5012048192771085,0.12771084337349398
"2024","Paddack, Chris","663978","Twins","MIN","R","93.3","625","1460",9.012345679012345,0.4280821917808219,"FF","4-Seam Fastball",14.6,-14.7,0.1,"1",17,10.6,-6.3,4.3,"68",0.5542168674698795,0.9301204819277108
"2024","Yates, Kirby","489446","Rangers","TEX","R","93.2","623","1027",6.339506172839506,0.6066212268743915,"FF","4-Seam Fastball",16.9,-16.9,-0.1,"-1",14.8,13.7,-9.3,4.4,"47",0.5012048192771085,0.9397590361445783
"2024","Mears, Nick","683232","Brewers","MIL","R","96.7","619","1028",6.345679012345679,0.6021400778210116,"FF","4-Seam Fastball",11.1,-12.9,1.8,"14",18.1,2.8,-7,-4.2,"-60",0.8939759036144578,0.07710843373493977
"2024","Birdsong, Hayden","806185","Giants","SF","R","95.8","619","1388",8.567901234567902,0.44596541786743515,"FF","4-Seam Fastball",13.5,-13.2,-0.2,"-2",16.4,9.5,-6.7,2.7,"40",0.4771084337349398,0.8144578313253013
"2024","Wacha, Michael","608379","Royals","KC","R","93.6","618","2602",16.061728395061728,0.23750960799385087,"FF","4-Seam Fastball",13.3,-14.2,0.9,"7",17.9,6.6,-6.1,0.6,"10",0.7204819277108434,0.5373493975903615
"2024","Rodríguez, Yariel","684320","Blue Jays","TOR","R","93.9","614","1502",9.271604938271604,0.40878828229027964,"FF","4-Seam Fastball",19.2,-15.2,-4.1,"-27",11.8,2.2,-7.4,-5.2,"-70",0.04819277108433735,0.04819277108433735
"2024","Ginkel, Kevin","656464","D-backs","AZ","R","96","614","1184",7.308641975308642,0.518581081081081,"FF","4-Seam Fastball",14.6,-13,-1.7,"-13",15.1,10,-6.5,3.5,"54",0.21445783132530122,0.891566265060241
"2024","Bradford, Cody","674003","Rangers","TEX","L","89.8","613","1175",7.253086419753086,0.5217021276595745,"FF","4-Seam Fastball",15.7,-16.6,0.9,"5",18.3,6,-5.3,0.7,"12",0.7204819277108434,0.5590361445783133
"2024","Abreu, Bryan","650556","Astros","HOU","R","96.7","603","1300",8.074534161490684,0.46384615384615385,"FF","4-Seam Fastball",12.7,-13.7,1.1,"8",16.7,6,-7.9,-1.9,"-24",0.7662650602409639,0.21927710843373494
"2024","Gray, Sonny","543243","Cardinals","STL","R","92.4","594","2483",15.32716049382716,0.2392267418445429,"FF","4-Seam Fastball",19.8,-16.5,-3.3,"-20",12,1.2,-7.8,-9,"-115",0.08433734939759036,0.0024096385542168677
"2024","Yamamoto, Yoshinobu","808967","Dodgers","LAD","R","95.5","592","1469",9.067901234567902,0.4029952348536419,"FF","4-Seam Fastball",14.4,-14.7,0.3,"2",15.6,7.2,-8.1,-0.9,"-11",0.6048192771084338,0.3614457831325301
"2024","Stanek, Ryne","592773","Mets","NYM","R","97.7","586","977",6.030864197530864,0.5997952917093142,"FF","4-Seam Fastball",10.9,-12.5,1.6,"13",17.9,9.3,-7.5,1.8,"23",0.8674698795180723,0.7036144578313253
"2024","Scott, Tayler","605463","Astros","HOU","R","92.7","584","1203",7.472049689440993,0.485453034081463,"FF","4-Seam Fastball",21.8,-19,-2.8,"-14",10.4,15.9,-11.6,4.3,"37",0.11325301204819277,0.9301204819277108
"2024","Baz, Shane","669358","Rays","TB","R","95.6","578","1206",7.444444444444445,0.4792703150912106,"FF","4-Seam Fastball",12.6,-14.1,1.5,"11",17.5,10.2,-7.5,2.7,"36",0.8481927710843373,0.8144578313253013
"2024","Ortiz, Luis L.","682847","Pirates","PIT","R","95.9","574","2143",13.228395061728396,0.26784881007932804,"FF","4-Seam Fastball",18.4,-15.8,-2.6,"-17",11.3,11.4,-9.6,1.7,"18",0.13253012048192772,0.6939759036144578
"2024","Harvey, Hunter","640451","Royals","KC","R","97.8","570","906",5.592592592592593,0.6291390728476821,"FF","4-Seam Fastball",11.9,-13,1.1,"9",16.7,7.2,-7.9,-0.7,"-9",0.7662650602409639,0.38795180722891565
"2024","Boyle, Joe","671212","Athletics","OAK","R","97.7","570","966",5.962962962962963,0.5900621118012422,"FF","4-Seam Fastball",12.3,-12.4,0.1,"1",16.4,4.5,-7.3,-2.8,"-39",0.5542168674698795,0.13975903614457832
"2024","Lorenzen, Michael","547179","Royals","KC","R","93.8","568","2092",12.91358024691358,0.27151051625239003,"FF","4-Seam Fastball",15.6,-15.2,-0.4,"-2",15.6,10.6,-8,2.6,"32",0.43855421686746987,0.8024096385542169
"2024","Bednar, David","670280","Pirates","PIT","R","97.2","568","1023",6.314814814814815,0.555229716520039,"FF","4-Seam Fastball",10.8,-12.9,2.1,"16",18.2,7.6,-7.4,0.2,"3",0.9253012048192771,0.491566265060241
"2024","Estrada, Jeremiah","669093","Padres","SD","R","97.2","567","1003",6.191358024691358,0.5653040877367896,"FF","4-Seam Fastball",9.6,-13,3.5,"27",19.5,1.5,-7.5,-6,"-81",0.9975903614457832,0.03614457831325301
"2024","Povich, Cade","700249","Orioles","BAL","L","92.4","566","1389",8.574074074074074,0.40748740100791936,"FF","4-Seam Fastball",15.4,-16,0.5,"3",16.7,9.3,-7.2,2.1,"29",0.6602409638554216,0.7421686746987952
"2024","Weathers, Ryan","677960","Marlins","MIA","L","95.9","561","1413",8.722222222222221,0.3970276008492569,"FF","4-Seam Fastball",14.9,-14.4,-0.5,"-3",15.1,12.3,-8.3,3.9,"47",0.42409638554216866,0.9132530120481928
"2024","De Los Santos, Enyel","660853","White Sox","CWS","R","95.5","557","1127",6.95679012345679,0.49423247559893524,"FF","4-Seam Fastball",17.1,-15.1,-2.1,"-14",13,11.6,-8.5,3.1,"36",0.16626506024096385,0.8674698795180723
"2024","Avila, Pedro","658648","Guardians","CLE","R","93.4","556","1419",8.813664596273291,0.3918252290345314,"FF","4-Seam Fastball",18.2,-15.5,-2.6,"-17",13.1,2.9,-7.5,-4.7,"-62",0.13253012048192772,0.06265060240963856
"2024","Díaz, Alexis","664747","Reds","CIN","R","93.9","554","977",6.030864197530864,0.5670419651995906,"FF","4-Seam Fastball",17.8,-17.7,-0.1,"-1",13.1,10.3,-10.5,-0.1,"-1",0.5012048192771085,0.4602409638554217
"2024","Nardi, Andrew","677053","Marlins","MIA","L","94","551","906",5.592592592592593,0.608167770419426,"FF","4-Seam Fastball",13.9,-14.9,1.1,"7",17.3,8.3,-7.2,1,"14",0.7662650602409639,0.6048192771084338
"2024","Littell, Zack","641793","Rays","TB","R","92.4","549","2486",15.345679012345679,0.22083668543845536,"FF","4-Seam Fastball",15.2,-15.5,0.3,"2",16.9,7.1,-6.8,0.3,"4",0.6048192771084338,0.5036144578313253
"2024","Richards, Trevor","670950","Twins","MIN","R","92.3","549","1182",7.296296296296297,0.46446700507614214,"FF","4-Seam Fastball",12.5,-15.4,2.9,"19",19.7,7.2,-6.5,0.7,"11",0.9783132530120482,0.5590361445783133
"2024","Schwellenbach, Spencer","680885","Braves","ATL","R","96.1","549","1887",11.648148148148149,0.29093799682034976,"FF","4-Seam Fastball",16.1,-14.3,-1.8,"-12",13.4,5.7,-8.1,-2.4,"-29",0.19759036144578312,0.16626506024096385
"2024","Berríos, José","621244","Blue Jays","TOR","R","94.1","533","2914",17.987654320987655,0.18291008922443378,"FF","4-Seam Fastball",16.1,-15.3,-0.8,"-5",14.9,9.5,-7.7,1.8,"23",0.3566265060240964,0.7036144578313253
"2024","Knack, Landon","689017","Dodgers","LAD","R","93.5","532","1149",7.092592592592593,0.4630113141862489,"FF","4-Seam Fastball",12.2,-15.4,3.2,"21",19.1,7.6,-7.9,-0.3,"-4",0.9927710843373494,0.42409638554216866
"2024","Stone, Gavin","694813","Dodgers","LAD","R","94.9","532","2152",13.283950617283951,0.24721189591078066,"FF","4-Seam Fastball",14.1,-14.8,0.7,"5",16.3,8.4,-7.7,0.7,"9",0.6939759036144578,0.5590361445783133
"2024","Brown, Ben","676962","Cubs","CHC","R","96.4","532","849",5.2407407407407405,0.6266195524146054,"FF","4-Seam Fastball",13.1,-12.9,-0.2,"-1",16.4,8.8,-6.7,2,"30",0.4771084337349398,0.7325301204819277
"2024","Tonkin, Michael","543859","Twins","MIN","R","93.2","531","1419",8.75925925925926,0.37420718816067655,"FF","4-Seam Fastball",20.5,-17,-3.5,"-20",11.3,13.7,-9.4,4.4,"46",0.06987951807228916,0.9397590361445783
"2024","Barnes, Jacob","606930","Nationals","WSH","R","95.4","527","1117",6.895061728395062,0.4717994628469114,"FF","4-Seam Fastball",13.3,-14.2,1,"7",16.7,2.2,-7.5,-5.3,"-71",0.744578313253012,0.04578313253012048
"2024","Nicolas, Kyle","693312","Pirates","PIT","R","97.4","523","950",5.864197530864198,0.5505263157894736,"FF","4-Seam Fastball",11.9,-12.5,0.7,"5",17,9.2,-7.2,2.1,"29",0.6939759036144578,0.7421686746987952
"2024","Strahm, Matt","621381","Phillies","PHI","L","93.4","519","981",6.055555555555555,0.5290519877675841,"FF","4-Seam Fastball",15.5,-16.4,0.9,"5",16.1,14.5,-8.7,5.8,"66",0.7204819277108434,0.9855421686746988
"2024","Miller, Shelby","571946","Tigers","DET","R","93.5","515","850",5.246913580246914,0.6058823529411764,"FF","4-Seam Fastball",13.3,-16.1,2.7,"17",18,9,-8.3,0.7,"8",0.9686746987951808,0.5590361445783133
"2024","Rea, Colin","607067","Brewers","MIL","R","92.9","511","2650",16.358024691358025,0.19283018867924528,"FF","4-Seam Fastball",17.8,-16.1,-1.8,"-11",13.8,6.5,-7.7,-1.2,"-16",0.19759036144578312,0.3156626506024096
"2024","Molina, Anthony","683627","Rockies","COL","R","94.8","506","1048",6.469135802469136,0.48282442748091603,"FF","4-Seam Fastball",15,-14.1,-1,"-7",15.3,7.3,-7,0.4,"5",0.30843373493975906,0.5156626506024097
"2024","Green, Chad","643338","Blue Jays","TOR","R","95.5","504","840",5.185185185185185,0.6,"FF","4-Seam Fastball",12.2,-13.8,1.5,"11",18,7.9,-7.1,0.8,"12",0.8481927710843373,0.5807228915662651
"2024","Puk, A.J.","640462","D-backs","AZ","L","95.6","503","1173",7.2407407407407405,0.4288150042625746,"FF","4-Seam Fastball",15.8,-14.4,-1.5,"-10",14.4,10.7,-7.8,2.9,"37",0.23373493975903614,0.8385542168674699
"2024","Jiménez, Joe","641729","Braves","ATL","R","94.5","503","1089",6.722222222222222,0.46189164370982555,"FF","4-Seam Fastball",13.5,-14.5,1,"7",17.2,9,-7.2,1.8,"25",0.744578313253012,0.7036144578313253
"2024","Estévez, Carlos","608032","Phillies","PHI","R","96.8","502","821",5.067901234567901,0.6114494518879415,"FF","4-Seam Fastball",12.3,-13.3,1.1,"8",17.1,7.9,-7.6,0.3,"4",0.7662650602409639,0.5036144578313253
"2024","Garcia, Robert","676395","Nationals","WSH","L","94.5","500","946",5.839506172839506,0.5285412262156448,"FF","4-Seam Fastball",17.1,-15.1,-2,"-13",13.6,10.6,-7.7,2.9,"37",0.17590361445783131,0.8385542168674699
"2024","Peterson, David","656849","Mets","NYM","L","93.1","496","1871",11.549382716049383,0.2650988776055585,"FF","4-Seam Fastball",18.1,-14.9,-3.1,"-21",13.5,6.6,-6.5,0.1,"1",0.09397590361445783,0.4771084337349398
"2024","Hudson, Daniel","543339","Dodgers","LAD","R","95.1","495","999",6.166666666666667,0.4954954954954955,"FF","4-Seam Fastball",14.9,-15.2,0.3,"2",15.4,7.6,-8.4,-0.8,"-10",0.6048192771084338,0.38072289156626504
"2024","Pearson, Nate","663878","Cubs","CHC","R","97.7","487","1059",6.537037037037037,0.45986779981114256,"FF","4-Seam Fastball",12.3,-13.4,1.1,"8",16.5,7.4,-8.3,-0.9,"-11",0.7662650602409639,0.3614457831325301
"2024","Shuster, Jared","694363","White Sox","CWS","L","92.5","484","1290",7.962962962962963,0.3751937984496124,"FF","4-Seam Fastball",17.2,-16.4,-0.8,"-5",14.8,10.5,-7.9,2.7,"34",0.3566265060240964,0.8144578313253013
"2024","Vásquez, Randy","681190","Padres","SD","R","94.3","480","1687",10.41358024691358,0.2845287492590397,"FF","4-Seam Fastball",14.8,-14.8,-0.1,"0",15.9,7.4,-7.4,0,"0",0.5012048192771085,0.472289156626506
"2024","Fernandez, Ryan","681676","Cardinals","STL","R","95.5","479","1191",7.351851851851852,0.40218303946263645,"FF","4-Seam Fastball",13.5,-14.3,0.8,"6",16.6,6.8,-7.6,-0.8,"-10",0.7060240963855422,0.38072289156626504
"2024","Hudson, Bryan","663542","Brewers","MIL","L","91.3","479","927",5.722222222222222,0.5167206040992449,"FF","4-Seam Fastball",20.6,-18.2,-2.3,"-13",12.2,7.1,-8.3,-1.2,"-14",0.1566265060240964,0.3156626506024096
"2024","Brebbia, John","605154","Braves","ATL","R","93.8","476","994",6.135802469135802,0.4788732394366197,"FF","4-Seam Fastball",13.6,-15.1,1.5,"10",17.6,9.6,-7.3,2.3,"32",0.8481927710843373,0.7686746987951807
"2024","Martinez, Nick","607259","Reds","CIN","R","92.6","476","2125",13.117283950617283,0.224,"FF","4-Seam Fastball",14.1,-15.2,1.1,"7",17.9,4.6,-7,-2.5,"-35",0.7662650602409639,0.15180722891566265
"2024","Megill, Trevor","656730","Brewers","MIL","R","98.8","476","668",4.1234567901234565,0.7125748502994012,"FF","4-Seam Fastball",10.2,-11.4,1.2,"11",17.9,5.6,-6.8,-1.2,"-18",0.7975903614457831,0.3156626506024096
"2024","Cabrera, Edward","665795","Marlins","MIA","R","96.3","475","1734",10.703703703703704,0.27393310265282583,"FF","4-Seam Fastball",14.2,-13.2,-0.9,"-7",15.4,9.2,-7.1,2.1,"29",0.3397590361445783,0.7421686746987952
"2024","Soroka, Michael","647336","White Sox","CWS","R","93.5","469","1442",8.901234567901234,0.32524271844660196,"FF","4-Seam Fastball",15.1,-15.2,0,"0",16.3,8.4,-7.5,0.9,"13",0.5301204819277109,0.5903614457831325
"2024","Neris, Héctor","593576","Astros","HOU","R","93","467","1008",6.260869565217392,0.4632936507936508,"FF","4-Seam Fastball",15,-15.4,0.4,"3",16.8,9.5,-7.2,2.4,"33",0.6385542168674698,0.7903614457831325
"2024","Waldron, Matt","663362","Padres","SD","R","90.7","467","2450",15.123456790123457,0.1906122448979592,"FF","4-Seam Fastball",19.1,-17.7,-1.4,"-8",14.2,9.1,-7.7,1.3,"17",0.25783132530120484,0.6409638554216868
"2024","Irvin, Cole","608344","Twins","MIN","L","91.9","466","1767",10.907407407407407,0.2637238256932654,"FF","4-Seam Fastball",17.2,-15.7,-1.4,"-9",15.3,11.9,-6.5,5.4,"83",0.25783132530120484,0.9759036144578314
"2024","Brieske, Beau","689225","Tigers","DET","R","95.9","465","1152",7.111111111111111,0.4036458333333333,"FF","4-Seam Fastball",11.8,-13.9,2.1,"15",18,5.9,-7.6,-1.7,"-23",0.9253012048192771,0.236144578313253
"2024","Spiers, Carson","686730","Reds","CIN","R","92.4","465","1554",9.592592592592593,0.29922779922779924,"FF","4-Seam Fastball",16.2,-16.6,0.4,"2",15.8,6.4,-8,-1.5,"-19",0.6385542168674698,0.26506024096385544
"2024","Díaz, Edwin","621242","Mets","NYM","R","97.5","459","912",5.62962962962963,0.5032894736842105,"FF","4-Seam Fastball",15.7,-15.4,-0.4,"-2",13.2,13.6,-10.9,2.7,"25",0.43855421686746987,0.8144578313253013
"2024","Weems, Jordan","607179","Nationals","WSH","R","96","451","733",4.5246913580246915,0.6152796725784447,"FF","4-Seam Fastball",13,-13.6,0.6,"5",16.8,8.6,-7.3,1.3,"18",0.6795180722891566,0.6409638554216868
"2024","Smith, Burch","572143","Orioles","BAL","R","94.9","448","896",5.530864197530864,0.5,"FF","4-Seam Fastball",13.3,-14.6,1.3,"9",17.2,4.3,-7.5,-3.2,"-42",0.8120481927710843,0.12048192771084337
"2024","Wentz, Joey","666214","Pirates","PIT","L","93.7","447","1224",7.555555555555555,0.36519607843137253,"FF","4-Seam Fastball",13.9,-14.4,0.5,"3",17.4,7.9,-6.4,1.5,"23",0.6602409638554216,0.6674698795180722
"2024","Suárez, Ranger","624133","Phillies","PHI","L","91.9","447","2354",14.530864197530864,0.1898895497026338,"FF","4-Seam Fastball",20,-16.3,-3.7,"-23",12.4,5.3,-7.1,-1.9,"-26",0.060240963855421686,0.21927710843373494
"2024","Festa, David","701581","Twins","MIN","R","94.7","442","1099",6.783950617283951,0.4021838034576888,"FF","4-Seam Fastball",12.5,-13.9,1.4,"10",18,1.5,-6.5,-5.1,"-77",0.8313253012048193,0.05301204819277108
"2024","Miller, Tyson","668338","Cubs","CHC","R","89.6","442","934",5.765432098765432,0.4732334047109208,"FF","4-Seam Fastball",23.8,-22.2,-1.6,"-7",10.2,2,-8,-6,"-75",0.22650602409638554,0.03614457831325301
"2024","Maeda, Kenta","628317","Tigers","DET","R","90.8","441","1958",12.08641975308642,0.22522982635342187,"FF","4-Seam Fastball",17.7,-17,-0.7,"-4",15.5,7.3,-7.3,-0.1,"-1",0.39036144578313253,0.4602409638554217
"2024","Suter, Brent","608718","Reds","CIN","L","85.8","438","1022",6.308641975308642,0.42857142857142855,"FF","4-Seam Fastball",24.1,-22.7,-1.4,"-6",12.9,4.4,2.1,-2.3,"108",0.25783132530120484,0.18072289156626506
"2024","Olson, Reese","681857","Tigers","DET","R","94.2","437","1853",11.438271604938272,0.2358337830545062,"FF","4-Seam Fastball",16.6,-14.7,-1.9,"-13",14.3,10.2,-7.6,2.6,"34",0.1927710843373494,0.8024096385542169
"2024","Carrasco, Carlos","471911","Guardians","CLE","R","91.6","436","1693",10.51552795031056,0.2575310100413467,"FF","4-Seam Fastball",21.8,-16.3,-5.5,"-34",10.7,3.3,-6.8,-3.5,"-51",0.01927710843373494,0.1108433734939759
"2024","Baumann, Mike","657508","Marlins","MIA","R","96.5","432","1067",6.58641975308642,0.40487347703842547,"FF","4-Seam Fastball",11.5,-13.1,1.6,"12",18,8.2,-7.1,1.1,"15",0.8674698795180723,0.6168674698795181
"2024","Matsui, Yuki","673513","Padres","SD","L","92.2","431","1049",6.4753086419753085,0.41086749285033364,"FF","4-Seam Fastball",12.6,-15.7,3.1,"20",19.8,4.3,-7.1,-2.9,"-40",0.9855421686746988,0.13734939759036144
"2024","Domínguez, Seranthony","622554","Orioles","BAL","R","97.7","429","1064",6.567901234567901,0.4031954887218045,"FF","4-Seam Fastball",14.1,-13.7,-0.4,"-3",14.6,4.6,-8.5,-3.9,"-46",0.43855421686746987,0.0891566265060241
"2024","Moore, Matt","519043","Angels","LAA","L","92.7","427","854",5.271604938271605,0.5,"FF","4-Seam Fastball",14.5,-15.2,0.6,"4",17.4,10.2,-6.7,3.5,"53",0.6795180722891566,0.891566265060241
"2024","Luzardo, Jesús","666200","Marlins","MIA","L","95.2","427","1083",6.685185185185185,0.394275161588181,"FF","4-Seam Fastball",15.2,-14.4,-0.8,"-6",15.3,13.1,-8,5.1,"63",0.3566265060240964,0.9614457831325302
"2024","Helsley, Ryan","664854","Cardinals","STL","R","99.6","423","931",5.746913580246914,0.45435016111707843,"FF","4-Seam Fastball",10.1,-11.8,1.8,"15",17.5,3.4,-8.1,-4.7,"-58",0.8939759036144578,0.06265060240963856
"2024","Leclerc, José","600917","Rangers","TEX","R","95.3","419","1204",7.432098765432099,0.3480066445182724,"FF","4-Seam Fastball",12.8,-14.5,1.7,"12",17.3,2.5,-8.4,-5.8,"-70",0.8843373493975903,0.04096385542168675
"2024","Rodríguez, Randy","678495","Giants","SF","R","97.6","416","879",5.425925925925926,0.4732650739476678,"FF","4-Seam Fastball",12,-13.6,1.5,"11",16.7,7.1,-8.3,-1.3,"-15",0.8481927710843373,0.2987951807228916
"2024","Scott, Christian","681035","Mets","NYM","R","94.2","416","787",4.8580246913580245,0.5285895806861499,"FF","4-Seam Fastball",15.6,-15.9,0.2,"2",15.4,9.6,-8.7,0.9,"10",0.5759036144578313,0.5903614457831325
"2024","Bido, Osvaldo","674370","Athletics","OAK","R","94.8","415","1056",6.518518518518518,0.39299242424242425,"FF","4-Seam Fastball",14.4,-14.7,0.2,"2",16.1,10.4,-7.6,2.8,"37",0.5759036144578313,0.8313253012048193
"2024","Adam, Jason","592094","Padres","SD","R","95.5","415","1109",6.845679012345679,0.3742110009017133,"FF","4-Seam Fastball",11.7,-13.6,1.9,"14",18.5,7.5,-6.9,0.6,"9",0.908433734939759,0.5373493975903615
"2024","Webb, Jacob","657097","Orioles","BAL","R","93.5","413","934",5.765432098765432,0.4421841541755889,"FF","4-Seam Fastball",15,-15.9,0.9,"6",16.5,9.6,-8.1,1.5,"19",0.7204819277108434,0.6674698795180722
"2024","Alcala, Jorge","660896","Twins","MIN","R","98","412","931",5.746913580246914,0.44253490870032225,"FF","4-Seam Fastball",11.1,-12,0.9,"8",17.5,9.8,-7.6,2.2,"30",0.7204819277108434,0.7542168674698795
"2024","Gaddis, Hunter","683769","Guardians","CLE","R","95.4","412","1075",6.6770186335403725,0.38325581395348834,"FF","4-Seam Fastball",13.7,-13.6,-0.1,"-1",16.4,6.9,-6.7,0.2,"3",0.5012048192771085,0.491566265060241
"2024","Stripling, Ross","548389","Athletics","OAK","R","91.7","411","1358",8.382716049382717,0.3026509572901325,"FF","4-Seam Fastball",14.6,-14.9,0.3,"2",18.1,4.8,-5.8,-1,"-17",0.6048192771084338,0.35180722891566263
"2024","Bellozo, Valente","678368","Marlins","MIA","R","89.2","409","1094",6.753086419753086,0.37385740402193784,"FF","4-Seam Fastball",18.4,-17.4,-1,"-6",15.9,4.2,-5.9,-1.6,"-28",0.30843373493975906,0.2433734939759036
"2024","Ferguson, Caleb","657571","Astros","HOU","L","93.8","407","940",5.838509316770186,0.4329787234042553,"FF","4-Seam Fastball",15.8,-15.4,-0.4,"-3",15.4,8.6,-7.7,0.9,"12",0.43855421686746987,0.5903614457831325
"2024","Wilson, Justin","458677","Reds","CIN","L","95.5","404","816",5.037037037037037,0.4950980392156863,"FF","4-Seam Fastball",12.4,-13.6,1.2,"9",17.6,6.6,-7.2,-0.6,"-8",0.7975903614457831,0.3927710843373494
"2024","Contreras, Roansy","672710","Angels","LAA","R","94.7","404","1075",6.635802469135802,0.3758139534883721,"FF","4-Seam Fastball",13.2,-14.5,1.3,"9",17.4,5.1,-7.3,-2.2,"-30",0.8120481927710843,0.19036144578313252
"2024","Latz, Jacob","656641","Rangers","TEX","L","94.9","402","813",5.018518518518518,0.4944649446494465,"FF","4-Seam Fastball",12,-14.3,2.3,"16",18.5,5.7,-7.2,-1.5,"-20",0.946987951807229,0.26506024096385544
"2024","Assad, Javier","665871","Cubs","CHC","R","91.5","402","2538",15.666666666666666,0.15839243498817968,"FF","4-Seam Fastball",16.2,-16.3,0.2,"1",16.5,5.6,-6.8,-1.1,"-17",0.5759036144578313,0.3325301204819277
"2024","Lambert, Peter","663567","Rockies","COL","R","94.5","400","1039",6.41358024691358,0.3849855630413859,"FF","4-Seam Fastball",14.4,-14.3,-0.1,"0",16.1,6.9,-7,-0.2,"-2",0.5012048192771085,0.4433734939759036
"2024","Muñoz, Roddery","682610","Marlins","MIA","R","95.4","399","1485",9.166666666666666,0.2686868686868687,"FF","4-Seam Fastball",15.2,-14.8,-0.4,"-3",15,10.3,-8.3,2,"24",0.43855421686746987,0.7325301204819277
"2024","Miller, Bobby","676272","Dodgers","LAD","R","97.6","399","1053",6.5,0.3789173789173789,"FF","4-Seam Fastball",12.4,-12.6,0.2,"2",16.3,7.7,-7.4,0.3,"4",0.5759036144578313,0.5036144578313253
"2024","Kinley, Tyler","641755","Rockies","COL","R","95.9","398","1185",7.314814814814815,0.3358649789029536,"FF","4-Seam Fastball",14.6,-13.8,-0.9,"-6",14.9,4.6,-7.6,-3,"-39",0.3397590361445783,0.12771084337349398
"2024","Suarez, José","660761","Angels","LAA","L","93","394","987",6.092592592592593,0.39918946301925023,"FF","4-Seam Fastball",14.1,-15.9,1.8,"11",17.7,7.7,-8,-0.3,"-4",0.8939759036144578,0.42409638554216866
"2024","Hodge, Porter","687863","Cubs","CHC","R","95.5","393","642",3.962962962962963,0.6121495327102804,"FF","4-Seam Fastball",15.5,-14,-1.5,"-11",14.4,0.5,-7.3,-7.7,"-106",0.23373493975903614,0.007228915662650603
"2024","Wesneski, Hayden","669713","Cubs","CHC","R","94.6","392","1075",6.635802469135802,0.36465116279069765,"FF","4-Seam Fastball",18,-14.3,-3.6,"-25",12.5,4.8,-7,-2.2,"-31",0.06265060240963856,0.19036144578313252
"2024","Blach, Ty","621389","Rockies","COL","L","89.1","391","1133",6.993827160493828,0.3451015004413063,"FF","4-Seam Fastball",28,-23.9,-4.1,"-17",6,13.1,-10.3,2.8,"27",0.04819277108433735,0.8313253012048193
"2024","Hoffman, Jeff","656546","Phillies","PHI","R","96.6","389","1001",6.179012345679013,0.3886113886113886,"FF","4-Seam Fastball",12.4,-13.2,0.8,"6",17.1,12.2,-7.3,4.9,"67",0.7060240963855422,0.9542168674698795
"2024","Musgrove, Joe","605397","Padres","SD","R","93","389","1582",9.765432098765432,0.2458912768647282,"FF","4-Seam Fastball",19,-15,-4,"-27",12.6,3.6,-6.8,-3.1,"-46",0.05301204819277108,0.12530120481927712
"2024","Buehler, Walker","621111","Dodgers","LAD","R","95","388","1336",8.246913580246913,0.2904191616766467,"FF","4-Seam Fastball",13.6,-14.8,1.3,"8",16.6,4.3,-7.9,-3.6,"-46",0.8120481927710843,0.10602409638554217
"2024","Muller, Kyle","666205","Athletics","OAK","L","92.6","387","725",4.4753086419753085,0.5337931034482759,"FF","4-Seam Fastball",16.1,-14.7,-1.4,"-9",15.9,1.6,-6,-4.4,"-74",0.25783132530120484,0.06987951807228916
"2024","Williams, Trevor","592866","Nationals","WSH","R","88.9","387","1064",6.567901234567901,0.36372180451127817,"FF","4-Seam Fastball",23.5,-21,-2.5,"-12",10.9,4.8,-9.1,-4.4,"-48",0.14216867469879518,0.06987951807228916
"2024","Chapman, Aroldis","547973","Pirates","PIT","L","97.8","386","1128",6.962962962962963,0.3421985815602837,"FF","4-Seam Fastball",11.4,-12.4,1,"8",17.2,4,-7.2,-3.2,"-45",0.744578313253012,0.12048192771084337
"2024","Thielbar, Caleb","573204","Twins","MIN","L","93.2","385","887",5.4753086419753085,0.43404735062006766,"FF","4-Seam Fastball",13.1,-15.2,2.1,"14",18.3,3.5,-7.1,-3.6,"-51",0.9253012048192771,0.10602409638554217
"2024","Buttó, José","676130","Mets","NYM","R","94.2","385","1222",7.54320987654321,0.3150572831423895,"FF","4-Seam Fastball",15.6,-15.9,0.3,"2",15.3,5,-8.7,-3.7,"-43",0.6048192771084338,0.10361445783132531
"2024","Liberatore, Matthew","669461","Cardinals","STL","L","94.7","384","1358",8.382716049382717,0.28276877761413843,"FF","4-Seam Fastball",14.2,-13.8,-0.3,"-2",16.3,7,-6.7,0.3,"5",0.45542168674698796,0.5036144578313253
"2024","Varland, Louie","686973","Twins","MIN","R","96.3","383","901",5.561728395061729,0.42508324084350724,"FF","4-Seam Fastball",13.6,-14,0.4,"3",15.9,6.9,-7.9,-1.1,"-13",0.6385542168674698,0.3325301204819277
"2024","Holmes, Grant","656550","Braves","ATL","R","94.6","382","1024",6.320987654320987,0.373046875,"FF","4-Seam Fastball",15.7,-14.7,-1,"-7",14.8,6.5,-7.7,-1.2,"-15",0.30843373493975906,0.3156626506024096
"2024","Wicks, Jordan","696136","Cubs","CHC","L","92.6","382","852",5.2592592592592595,0.44835680751173707,"FF","4-Seam Fastball",14.3,-15.7,1.4,"9",17.7,4.2,-7.1,-2.8,"-40",0.8313253012048193,0.13975903614457832
"2024","Meyer, Max","676974","Marlins","MIA","R","94.1","381","968",5.9753086419753085,0.39359504132231404,"FF","4-Seam Fastball",15.8,-15,-0.8,"-5",15.1,4.1,-7.4,-3.3,"-44",0.3566265060240964,0.1180722891566265
"2024","Rodriguez, Eduardo","593958","D-backs","AZ","L","92","381","866",5.345679012345679,0.4399538106235566,"FF","4-Seam Fastball",17.8,-16.1,-1.7,"-10",14.3,6,-7.1,-1.1,"-16",0.21445783132530122,0.3325301204819277
"2024","Stratton, Chris","608717","Royals","KC","R","91.8","380","995",6.1419753086419755,0.38190954773869346,"FF","4-Seam Fastball",17.3,-16.3,-1,"-6",15,6.6,-7.1,-0.5,"-7",0.30843373493975906,0.40240963855421685
"2024","Sewald, Paul","623149","D-backs","AZ","R","91.4","376","629",3.882716049382716,0.5977742448330684,"FF","4-Seam Fastball",19.3,-20.5,1.1,"6",13.5,10.6,-11.8,-1.2,"-10",0.7662650602409639,0.3156626506024096
"2024","Alexander, Tyler","641302","Rays","TB","L","89.6","372","1668",10.296296296296296,0.22302158273381295,"FF","4-Seam Fastball",16.7,-17.9,1.2,"7",17.6,8.9,-7,1.9,"27",0.7975903614457831,0.7228915662650602
"2024","Poche, Colin","621363","Rays","TB","L","91.2","370","543",3.3518518518518516,0.6813996316758748,"FF","4-Seam Fastball",14.1,-15.6,1.5,"10",18.9,2.2,-5.7,-7.9,"-138",0.8481927710843373,0.004819277108433735
"2024","Cruz, Fernando","518585","Reds","CIN","R","94.6","370","1138",7.0246913580246915,0.3251318101933216,"FF","4-Seam Fastball",13.7,-14.3,0.7,"5",16.9,6.8,-7,-0.2,"-3",0.6939759036144578,0.4433734939759036
"2024","Dubin, Shawn","681869","Astros","HOU","R","95","369","840",5.217391304347826,0.4392857142857143,"FF","4-Seam Fastball",14.3,-14.5,0.2,"1",16.2,9.7,-7.5,2.3,"30",0.5759036144578313,0.7686746987951807
"2024","Strickland, Hunter","519326","Angels","LAA","R","94.2","369","1157",7.1419753086419755,0.31892826274848746,"FF","4-Seam Fastball",16,-14.9,-1.1,"-7",15,8.1,-7.7,0.4,"5",0.3036144578313253,0.5156626506024097
"2024","Armstrong, Shawn","542888","Cubs","CHC","R","93.3","368","1109",6.845679012345679,0.3318304779080252,"FF","4-Seam Fastball",15.4,-15.5,0.1,"1",16.1,6.7,-7.3,-0.6,"-9",0.5542168674698795,0.3927710843373494
"2024","Diekman, Jake","518617","Mets","NYM","L","94.5","367","627",3.8703703703703702,0.5853269537480064,"FF","4-Seam Fastball",19.8,-15,-4.8,"-32",11.1,17.3,-7.8,9.5,"121",0.02650602409638554,1
"2024","Gibson, Kyle","502043","Cardinals","STL","R","91.4","366","2764",17.061728395061728,0.13241678726483358,"FF","4-Seam Fastball",16.7,-15.7,-1,"-6",16,4.5,-5.9,-1.4,"-24",0.30843373493975906,0.28433734939759037
"2024","Oller, Adam","670124","Marlins","MIA","R","93.7","365","710",4.382716049382716,0.5140845070422535,"FF","4-Seam Fastball",14.7,-15.3,0.5,"3",16.6,12.3,-7.4,4.9,"66",0.6602409638554216,0.9542168674698795
"2024","Banks, Tanner","621383","Phillies","PHI","L","93.6","363","1174",7.246913580246914,0.3091993185689949,"FF","4-Seam Fastball",15.6,-14.7,-0.9,"-6",15.7,2.6,-7,-4.3,"-62",0.3397590361445783,0.0746987951807229
"2024","Fairbanks, Pete","664126","Rays","TB","R","97.3","363","696",4.296296296296297,0.521551724137931,"FF","4-Seam Fastball",10.8,-11.8,1,"9",18.3,2.7,-6.8,-4.1,"-61",0.744578313253012,0.07951807228915662
"2024","Duran, Jhoan","661395","Twins","MIN","R","100.5","359","881",5.438271604938271,0.40749148694665155,"FF","4-Seam Fastball",14.9,-12,-2.9,"-24",12.2,12.3,-8.9,3.4,"38",0.10602409638554217,0.8843373493975903
"2024","Freeland, Kyle","607536","Rockies","COL","L","91.6","358","1769",10.919753086419753,0.20237422272470323,"FF","4-Seam Fastball",18.2,-16.4,-1.8,"-11",14.3,7.6,-6.8,0.7,"10",0.19759036144578312,0.5590361445783133
"2024","Hall, DL","669084","Brewers","MIL","L","93.3","354","782",4.827160493827161,0.45268542199488493,"FF","4-Seam Fastball",17.1,-15.9,-1.3,"-8",14.3,6.5,-7.9,-1.3,"-17",0.27710843373493976,0.2987951807228916
"2024","Faedo, Alex","656412","Tigers","DET","R","94","354","1007",6.216049382716049,0.3515392254220457,"FF","4-Seam Fastball",14.5,-14.8,0.3,"2",16.6,7.9,-7.3,0.6,"8",0.6048192771084338,0.5373493975903615
"2024","Wrobleski, Justin","680736","Dodgers","LAD","L","95.1","350","592",3.654320987654321,0.5912162162162162,"FF","4-Seam Fastball",13.9,-15.3,1.4,"9",16.4,7.9,-9,-1.1,"-12",0.8313253012048193,0.3325301204819277
"2024","Cantillo, Joey","676282","Guardians","CLE","L","92.2","347","711",4.416149068322981,0.4880450070323488,"FF","4-Seam Fastball",15,-15.5,0.5,"3",17.1,4.7,-6,-1.3,"-22",0.6602409638554216,0.2987951807228916
"2024","Leiter, Jack","683004","Rangers","TEX","R","96.4","347","669",4.12962962962963,0.5186846038863976,"FF","4-Seam Fastball",11.7,-13.9,2.1,"15",18,7.5,-7.8,-0.3,"-3",0.9253012048192771,0.42409638554216866
"2024","Jarvis, Bryce","686826","D-backs","AZ","R","95.7","346","1006",6.209876543209877,0.34393638170974156,"FF","4-Seam Fastball",15.7,-14.5,-1.2,"-8",14.3,8.7,-8.1,0.6,"8",0.28674698795180725,0.5373493975903615
"2024","Mlodzinski, Carmen","669387","Pirates","PIT","R","96.2","345","866",5.345679012345679,0.39838337182448036,"FF","4-Seam Fastball",16.1,-15,-1.2,"-8",13.4,9.7,-8.8,0.9,"10",0.28674698795180725,0.5903614457831325
"2024","Pagán, Emilio","641941","Reds","CIN","R","94.6","343","593",3.6604938271604937,0.5784148397976391,"FF","4-Seam Fastball",12.4,-14.9,2.5,"17",18.3,7,-7.6,-0.6,"-8",0.9590361445783132,0.3927710843373494
"2024","Fulmer, Carson","608334","Angels","LAA","R","93.1","342","1472",9.08641975308642,0.23233695652173914,"FF","4-Seam Fastball",15.4,-15.8,0.4,"3",16.3,7.9,-7.6,0.3,"4",0.6385542168674698,0.5036144578313253
"2024","Manaea, Sean","640455","Mets","NYM","L","92.3","336","2996",18.493827160493826,0.11214953271028037,"FF","4-Seam Fastball",19.1,-16.5,-2.6,"-16",13.1,12.2,-7.8,4.5,"58",0.13253012048192772,0.946987951807229
"2024","Leasure, Jordan","673929","White Sox","CWS","R","96.1","335","560",3.45679012345679,0.5982142857142857,"FF","4-Seam Fastball",11.9,-13.6,1.7,"13",17.8,5.1,-7.3,-2.1,"-30",0.8843373493975903,0.20240963855421687
"2024","Phillips, Evan","623465","Dodgers","LAD","R","96.2","335","917",5.660493827160494,0.3653217011995638,"FF","4-Seam Fastball",14.3,-14.8,0.5,"3",15.4,9.6,-8.6,1,"11",0.6602409638554216,0.6048192771084338
"2024","Singer, Brady","663903","Royals","KC","R","91.6","335","2967",18.314814814814813,0.11290866194809572,"FF","4-Seam Fastball",18.9,-17.4,-1.5,"-9",13.4,5.9,-8.3,-2.4,"-29",0.23373493975903614,0.16626506024096385
"2024","Montgomery, Jordan","656756","D-backs","AZ","L","92.1","334","1929",11.907407407407407,0.1731467081389321,"FF","4-Seam Fastball",17.1,-15,-2,"-13",15.1,5.3,-5.8,-0.5,"-9",0.17590361445783131,0.40240963855421685
"2024","Nastrini, Nick","680897","White Sox","CWS","R","93.7","333","734",4.530864197530864,0.4536784741144414,"FF","4-Seam Fastball",12.5,-15.1,2.5,"17",18.7,4.2,-7.1,-3,"-42",0.9590361445783132,0.12771084337349398
"2024","Swanson, Erik","657024","Blue Jays","TOR","R","93.9","332","667",4.117283950617284,0.49775112443778113,"FF","4-Seam Fastball",13.5,-14.6,1,"7",17.7,9.9,-6.6,3.2,"49",0.744578313253012,0.8746987951807229
"2024","Hancock, Emerson","676106","Mariners","SEA","R","93.4","331","1014",6.2592592592592595,0.3264299802761341,"FF","4-Seam Fastball",17.7,-15.7,-2,"-13",13.7,12.9,-7.7,5.2,"67",0.17590361445783131,0.9662650602409638
"2024","Yarbrough, Ryan","642232","Blue Jays","TOR","L","86.5","326","1514",9.345679012345679,0.21532364597093792,"FF","4-Seam Fastball",27.4,-24.3,-3,"-13",9.4,15.1,-11.3,3.9,"34",0.0963855421686747,0.9132530120481928
"2024","Sands, Cole","663485","Twins","MIN","R","95.7","325","1154",7.1234567901234565,0.28162911611785096,"FF","4-Seam Fastball",16.1,-14.6,-1.5,"-10",13.8,11.5,-8.5,3,"35",0.23373493975903614,0.8578313253012049
"2024","Pressly, Ryan","519151","Astros","HOU","R","93.8","323","969",6.0186335403726705,0.3333333333333333,"FF","4-Seam Fastball",14.7,-15,0.3,"2",16.4,0.3,-7.3,-7,"-96",0.6048192771084338,0.016867469879518072
"2024","Jax, Griffin","643377","Twins","MIN","R","97.1","319","1068",6.592592592592593,0.29868913857677903,"FF","4-Seam Fastball",12.7,-13.8,1.1,"8",16.2,5.9,-8.2,-2.4,"-29",0.7662650602409639,0.16626506024096385
"2024","Turnbull, Spencer","605513","Phillies","PHI","R","92","319","916",5.654320987654321,0.3482532751091703,"FF","4-Seam Fastball",22.6,-16.3,-6.3,"-39",9.6,0.4,-7.3,-6.9,"-95",0.00963855421686747,0.021686746987951807
"2024","Ferguson, Tyler","621053","Athletics","OAK","R","95.9","316","819",5.055555555555555,0.38583638583638585,"FF","4-Seam Fastball",15.8,-14.1,-1.6,"-12",14.1,10,-7.9,2.1,"26",0.22650602409638554,0.7421686746987952
"2024","Curry, Xzavion","675540","Marlins","MIA","R","92.1","316","639",3.9444444444444446,0.4945226917057903,"FF","4-Seam Fastball",14.1,-15.8,1.8,"11",18.2,3.9,-6.9,-3,"-43",0.8939759036144578,0.12771084337349398
"2024","Montero, Rafael","606160","Astros","HOU","R","95.4","313","683",4.24223602484472,0.4582723279648609,"FF","4-Seam Fastball",14.5,-16.1,1.5,"10",15.7,11,-9.5,1.5,"16",0.8481927710843373,0.6674698795180722
"2024","Kerkering, Orion","689147","Phillies","PHI","R","97.6","309","1087",6.709876543209877,0.2842686292548298,"FF","4-Seam Fastball",13.2,-13.1,-0.1,"0",15.6,10.8,-7.9,3,"38",0.5012048192771085,0.8578313253012049
"2024","Leahy, Kyle","681517","Cardinals","STL","R","95.5","308","695",4.290123456790123,0.44316546762589926,"FF","4-Seam Fastball",13.8,-13.9,0.1,"0",16.2,4.6,-7.1,-2.5,"-35",0.5542168674698795,0.15180722891566265
"2024","Anderson, Justin","605121","White Sox","CWS","R","96","308","945",5.833333333333333,0.32592592592592595,"FF","4-Seam Fastball",14.1,-14,-0.1,"-1",15.6,8.8,-7.7,1.2,"15",0.5012048192771085,0.6337349397590362
"2024","Matthews, Zebby","805673","Twins","MIN","R","94.9","306","717",4.425925925925926,0.42677824267782427,"FF","4-Seam Fastball",13.5,-14.4,0.9,"6",16.9,9.5,-7.3,2.2,"30",0.7204819277108434,0.7542168674698795
"2024","Muñoz, Andrés","662253","Mariners","SEA","R","98.4","306","951",5.87037037037037,0.3217665615141956,"FF","4-Seam Fastball",14.8,-13.7,-1.1,"-8",13.5,11.7,-8.8,2.9,"33",0.3036144578313253,0.8385542168674699
"2024","Medina, Luis","665622","Athletics","OAK","R","95.9","306","720",4.444444444444445,0.425,"FF","4-Seam Fastball",14.6,-13.4,-1.2,"-9",15.2,6.7,-7.1,-0.5,"-6",0.28674698795180725,0.40240963855421685
"2024","Honeywell, Brent","641703","Dodgers","LAD","R","94.7","304","595",3.6728395061728394,0.5109243697478991,"FF","4-Seam Fastball",14.3,-14.3,-0.1,"0",16.1,5.6,-7.2,-1.7,"-23",0.5012048192771085,0.236144578313253
"2024","Santillan, Tony","663574","Reds","CIN","R","97.2","304","504",3.111111111111111,0.6031746031746031,"FF","4-Seam Fastball",15.1,-14.3,-0.8,"-5",13.9,10,-8.8,1.2,"13",0.3566265060240964,0.6337349397590362
"2024","Hernández, Carlos","672578","Royals","KC","R","97.9","303","560",3.45679012345679,0.5410714285714285,"FF","4-Seam Fastball",11.7,-12.5,0.9,"7",17,8.2,-7.6,0.6,"8",0.7204819277108434,0.5373493975903615
"2024","Burke, Brock","656271","Angels","LAA","L","95.7","302","575",3.549382716049383,0.5252173913043479,"FF","4-Seam Fastball",14,-13.3,-0.7,"-5",16,9.3,-6.6,2.7,"40",0.39036144578313253,0.8144578313253013
"2024","Ray, Robbie","592662","Giants","SF","L","94.1","301","568",3.506172839506173,0.5299295774647887,"FF","4-Seam Fastball",13,-14.5,1.5,"10",18,8.8,-6.9,1.9,"27",0.8481927710843373,0.7228915662650602
"2024","Payamps, Joel","606303","Brewers","MIL","R","94.8","296","899",5.549382716049383,0.3292547274749722,"FF","4-Seam Fastball",15.1,-15.1,0,"0",15.3,8.9,-8.1,0.9,"11",0.5301204819277109,0.5903614457831325
"2024","Sandlin, Nick","680704","Guardians","CLE","R","92.6","296","1003",6.229813664596273,0.2951146560319043,"FF","4-Seam Fastball",19.9,-18.9,-1,"-5",12.1,12.4,-11.8,0.7,"6",0.30843373493975906,0.5590361445783133
"2024","Gordon, Tanner","685299","Rockies","COL","R","92","296","607",3.746913580246914,0.4876441515650741,"FF","4-Seam Fastball",17.1,-15.7,-1.5,"-9",15.1,11.8,-6.6,5.2,"79",0.23373493975903614,0.9662650602409638
"2024","Scherzer, Max","453286","Rangers","TEX","R","92.5","294","669",4.12962962962963,0.43946188340807174,"FF","4-Seam Fastball",16.3,-16.3,0.1,"0",15.9,10.1,-7.9,2.2,"28",0.5542168674698795,0.7542168674698795
"2024","Erceg, Lucas","668674","Royals","KC","R","98.6","293","947",5.845679012345679,0.3093980992608237,"FF","4-Seam Fastball",13.2,-12.2,-1,"-8",15.1,10.1,-7.8,2.3,"29",0.30843373493975906,0.7686746987951807
"2024","Jackson, Luke","592426","Braves","ATL","R","94.7","291","917",5.660493827160494,0.3173391494002181,"FF","4-Seam Fastball",12.6,-13.4,0.8,"6",17.9,5.1,-6.2,-1,"-17",0.7060240963855422,0.35180722891566263
"2024","Santana, Dennis","642701","Pirates","PIT","R","95.7","290","1106",6.827160493827161,0.26220614828209765,"FF","4-Seam Fastball",14.6,-14.4,-0.2,"-1",15.3,11.4,-8,3.4,"42",0.4771084337349398,0.8843373493975903
"2024","McGough, Scott","543518","D-backs","AZ","R","93.1","289","577",3.5617283950617282,0.5008665511265165,"FF","4-Seam Fastball",13.4,-15.2,1.9,"12",18.3,8.1,-7.5,0.7,"9",0.908433734939759,0.5590361445783133
"2024","Kelly, Zack","677161","Red Sox","BOS","R","96.5","286","957",5.907407407407407,0.2988505747126437,"FF","4-Seam Fastball",14.6,-13.8,-0.8,"-6",14.9,9.7,-7.9,1.8,"23",0.3566265060240964,0.7036144578313253
"2024","Lee, Dylan","669276","Braves","ATL","L","92.4","285","859",5.302469135802469,0.3317811408614668,"FF","4-Seam Fastball",13,-15.1,2.1,"14",19.1,7.9,-6.2,1.6,"26",0.9253012048192771,0.6843373493975904
"2024","Booser, Cam","592155","Red Sox","BOS","L","95.3","285","695",4.290123456790123,0.41007194244604317,"FF","4-Seam Fastball",14,-14.3,0.3,"2",16.1,7.3,-7.5,-0.2,"-3",0.6048192771084338,0.4433734939759036
"2024","Keller, Brad","641745","Red Sox","BOS","R","93.8","280","743",4.58641975308642,0.3768506056527591,"FF","4-Seam Fastball",17.3,-14.6,-2.7,"-18",13.7,0.9,-6.9,-7.7,"-113",0.12048192771084337,0.007228915662650603
"2024","Snider, Collin","676092","Mariners","SEA","R","94.2","278","676",4.172839506172839,0.41124260355029585,"FF","4-Seam Fastball",20.5,-16.6,-3.8,"-23",10.2,2.5,-9.6,-7.1,"-74",0.05783132530120482,0.012048192771084338
"2024","Sims, Lucas","608371","Red Sox","BOS","R","94.2","278","885",5.462962962962963,0.31412429378531076,"FF","4-Seam Fastball",13.3,-15.2,1.9,"12",17.5,4.7,-8.2,-3.5,"-43",0.908433734939759,0.1108433734939759
"2024","Howard, Spencer","675921","Guardians","CLE","R","93.8","274","537",3.3354037267080745,0.5102420856610801,"FF","4-Seam Fastball",14.8,-14.8,-0.1,"0",16.3,7.9,-6.9,1,"15",0.5012048192771085,0.6048192771084338
"2024","Martinez, Seth","661527","Astros","HOU","R","90.8","273","838",5.204968944099379,0.32577565632458233,"FF","4-Seam Fastball",22.4,-21.4,-1,"-5",10.9,11.6,-10.4,1.3,"12",0.30843373493975906,0.6409638554216868
"2024","Banda, Anthony","607455","Dodgers","LAD","L","96.1","272","774",4.777777777777778,0.35142118863049093,"FF","4-Seam Fastball",15.4,-14.5,-0.8,"-6",14.3,9.7,-8.3,1.4,"17",0.3566265060240964,0.6602409638554216
"2024","Hendricks, Kyle","543294","Cubs","CHC","R","87.7","271","2135",13.179012345679013,0.1269320843091335,"FF","4-Seam Fastball",21,-20.3,-0.7,"-3",14.4,6,-6.9,-0.9,"-13",0.39036144578313253,0.3614457831325301
"2024","Long, Sam","669674","Royals","KC","L","94.3","270","702",4.333333333333333,0.38461538461538464,"FF","4-Seam Fastball",13.7,-14.8,1.1,"7",17,5.3,-7.4,-2.1,"-29",0.7662650602409639,0.20240963855421687
"2024","Uceta, Edwin","670955","Rays","TB","R","94.2","270","672",4.148148148148148,0.4017857142857143,"FF","4-Seam Fastball",16.7,-18.5,1.8,"10",14.5,12.7,-12,0.7,"6",0.8939759036144578,0.5590361445783133
"2024","Civale, Aaron","650644","Brewers","MIL","R","92","266","2699",16.660493827160494,0.09855502037791775,"FF","4-Seam Fastball",14,-15.1,1.1,"7",18.3,5,-6.7,-1.7,"-25",0.7662650602409639,0.236144578313253
"2024","Iglesias, Raisel","628452","Braves","ATL","R","95.5","264","928",5.728395061728395,0.28448275862068967,"FF","4-Seam Fastball",14.5,-14.9,0.4,"2",15.5,8.2,-8.3,-0.1,"-1",0.6385542168674698,0.4602409638554217
"2024","Cleavinger, Garrett","664076","Rays","TB","L","96.4","262","1056",6.518518518518518,0.2481060606060606,"FF","4-Seam Fastball",13,-14.7,1.7,"12",16.6,7.7,-8.8,-1.1,"-12",0.8843373493975903,0.3325301204819277
"2024","Blalock, Bradley","687134","Rockies","COL","R","93.5","261","552",3.4074074074074074,0.47282608695652173,"FF","4-Seam Fastball",14,-14.5,0.6,"4",17.2,4.1,-6.5,-2.3,"-36",0.6795180722891566,0.18072289156626506
"2024","Morgan, Eli","669212","Guardians","CLE","R","92.2","260","646",4.012422360248447,0.4024767801857585,"FF","4-Seam Fastball",15.6,-16.3,0.7,"4",16.5,10.2,-7.3,2.9,"39",0.6939759036144578,0.8385542168674699
"2024","Hill, Tim","657612","Yankees","NYY","L","90.7","256","982",6.061728395061729,0.2606924643584521,"FF","4-Seam Fastball",29.5,-29.1,-0.4,"-1",4.1,17.6,-17,0.6,"3",0.43855421686746987,0.5373493975903615
"2024","Boyd, Matthew","571510","Guardians","CLE","L","92","256","669",4.15527950310559,0.38266068759342303,"FF","4-Seam Fastball",18.5,-16.7,-1.7,"-10",13.9,11.4,-8,3.5,"44",0.21445783132530122,0.891566265060241
"2024","Soriano, José","667755","Angels","LAA","R","98.8","254","1737",10.722222222222221,0.14622913068508925,"FF","4-Seam Fastball",15.8,-12.3,-3.5,"-28",12.4,11.3,-8,3.3,"41",0.06987951807228916,0.8795180722891566
"2024","Martin, Davis","663436","White Sox","CWS","R","93.6","254","892",5.506172839506172,0.28475336322869954,"FF","4-Seam Fastball",15.2,-15,-0.2,"-1",16,6,-7,-1,"-14",0.4771084337349398,0.35180722891566263
"2024","Minter, A.J.","621345","Braves","ATL","L","94.5","249","522",3.2222222222222223,0.47701149425287354,"FF","4-Seam Fastball",13.5,-14.9,1.4,"9",17.1,5.3,-7.7,-2.4,"-31",0.8313253012048193,0.16626506024096385
"2024","Cannon, Jonathan","686563","White Sox","CWS","R","94.3","249","2028",12.518518518518519,0.1227810650887574,"FF","4-Seam Fastball",16.9,-14.8,-2,"-14",13.9,9.1,-7.6,1.5,"20",0.17590361445783131,0.6674698795180722
"2024","Morejon, Adrian","670970","Padres","SD","L","96.9","249","1064",6.567901234567901,0.23402255639097744,"FF","4-Seam Fastball",12.8,-13.3,0.5,"4",16.4,6.3,-7.6,-1.3,"-17",0.6602409638554216,0.2987951807228916
"2024","Herrin, Tim","682120","Guardians","CLE","L","95.5","248","1011",6.279503105590062,0.24530168150346193,"FF","4-Seam Fastball",17.2,-14.4,-2.7,"-19",12.7,8,-7.8,0.2,"3",0.12048192771084337,0.491566265060241
"2024","Wilson, Steven","621051","White Sox","CWS","R","93.5","248","623",3.845679012345679,0.39807383627608345,"FF","4-Seam Fastball",13.1,-15.4,2.3,"15",18.3,6.4,-7.3,-0.9,"-12",0.946987951807229,0.3614457831325301
"2024","Wilson, Bryse","669060","Brewers","MIL","R","93.6","247","1643",10.141975308641975,0.1503347534996957,"FF","4-Seam Fastball",15.9,-15.2,-0.7,"-5",15.4,5.3,-7.2,-2,"-27",0.39036144578313253,0.20963855421686747
"2024","Otañez, Michel","671305","Athletics","OAK","R","98","247","601",3.7098765432098766,0.41098169717138106,"FF","4-Seam Fastball",12.1,-13.4,1.3,"10",16.6,9.9,-8.4,1.5,"18",0.8120481927710843,0.6674698795180722
"2024","Joyce, Ben","690829","Angels","LAA","R","102.1","247","541",3.3395061728395063,0.4565619223659889,"FF","4-Seam Fastball",13,-12.5,-0.5,"-4",13.3,12,-10.8,1.2,"11",0.42409638554216866,0.6337349397590362
"2024","Daniel, Davis","669721","Angels","LAA","R","91.5","244","508",3.1358024691358026,0.48031496062992124,"FF","4-Seam Fastball",15.8,-16.9,1.1,"7",16.9,7.4,-7.4,0,"0",0.7662650602409639,0.472289156626506
"2024","Springs, Jeffrey","605488","Rays","TB","L","89.8","239","565",3.4876543209876543,0.4230088495575221,"FF","4-Seam Fastball",17.4,-17.6,0.2,"1",16.7,9.4,-6.7,2.7,"40",0.5759036144578313,0.8144578313253013
"2024","Darvish, Yu","506433","Padres","SD","R","94","239","1261",7.783950617283951,0.1895321173671689,"FF","4-Seam Fastball",14.4,-15.3,0.9,"6",16.7,7.3,-7.7,-0.3,"-4",0.7204819277108434,0.42409638554216866
"2024","Moll, Sam","594580","Reds","CIN","L","93.3","237","624",3.8518518518518516,0.3798076923076923,"FF","4-Seam Fastball",20,-19.3,-0.8,"-4",11.3,10.4,-11.4,-0.9,"-8",0.3566265060240964,0.3614457831325301
"2024","Slaten, Justin","686580","Red Sox","BOS","R","96.4","237","811",5.006172839506172,0.2922318125770654,"FF","4-Seam Fastball",10.4,-13.1,2.7,"20",19.1,5.4,-7.1,-1.6,"-23",0.9686746987951808,0.2433734939759036
"2024","Blackburn, Paul","621112","Mets","NYM","R","91.9","236","1212",7.481481481481482,0.19471947194719472,"FF","4-Seam Fastball",15.7,-15.9,0.2,"1",16.7,5.2,-6.8,-1.6,"-24",0.5759036144578313,0.2433734939759036
"2024","Weissert, Greg","669711","Red Sox","BOS","R","93.9","235","1029",6.351851851851852,0.22837706511175898,"FF","4-Seam Fastball",17.9,-17,-1,"-6",13.1,8.3,-9.8,-1.5,"-15",0.30843373493975906,0.26506024096385544
"2024","Núñez, Dedniel","673380","Mets","NYM","R","96.3","233","521",3.2160493827160495,0.4472168905950096,"FF","4-Seam Fastball",13.4,-14.4,1,"7",16.1,3.4,-8.3,-5,"-60",0.744578313253012,0.05783132530120482
"2024","Thorpe, Drew","689672","White Sox","CWS","R","91","232","721",4.450617283950617,0.3217753120665742,"FF","4-Seam Fastball",16.3,-16.3,0,"0",16.8,4.8,-6.3,-1.5,"-24",0.5301204819277109,0.26506024096385544
"2024","Hudson, Dakota","641712","Rockies","COL","R","89.9","231","1512",9.333333333333334,0.1527777777777778,"FF","4-Seam Fastball",25.6,-17,-8.6,"-50",7.9,5.4,-6.2,-0.7,"-12",0,0.38795180722891565
"2024","Sandoval, Patrick","663776","Angels","LAA","L","93.7","231","1444",8.91358024691358,0.15997229916897507,"FF","4-Seam Fastball",15.1,-14.9,-0.2,"-1",16.1,6.8,-7.2,-0.4,"-5",0.4771084337349398,0.41445783132530123
"2024","Farmer, Buck","571656","Reds","CIN","R","92.7","231","1170",7.222222222222222,0.19743589743589743,"FF","4-Seam Fastball",17.6,-15.8,-1.9,"-12",14.2,11.7,-7.5,4.2,"56",0.1927710843373494,0.9253012048192771
"2024","Voth, Austin","608723","Mariners","SEA","R","93.6","231","974",6.012345679012346,0.23716632443531827,"FF","4-Seam Fastball",14.5,-15.4,0.9,"6",16.7,5.2,-7.5,-2.3,"-31",0.7204819277108434,0.18072289156626506
"2024","Mazur, Adam","800049","Padres","SD","R","94.6","229","584",3.6049382716049383,0.3921232876712329,"FF","4-Seam Fastball",13.5,-14.5,1,"7",17.2,5.1,-7.6,-2.5,"-33",0.744578313253012,0.15180722891566265
"2024","Henry, Tommy","674072","D-backs","AZ","L","89.8","228","706",4.3580246913580245,0.32294617563739375,"FF","4-Seam Fastball",18.2,-17.8,-0.5,"-3",15.7,7.9,-6.9,1.1,"16",0.42409638554216866,0.6168674698795181
"2024","Thornton, Trent","663423","Mariners","SEA","R","95.5","228","1139",7.030864197530864,0.20017559262510976,"FF","4-Seam Fastball",13.7,-15.2,1.4,"9",16.2,4.2,-8.6,-4.5,"-52",0.8313253012048193,0.06746987951807229
"2024","García, Yimi","554340","Mariners","SEA","R","96.5","227","619",3.8209876543209877,0.3667205169628433,"FF","4-Seam Fastball",14.5,-15.7,1.3,"8",15,10.4,-9.8,0.6,"6",0.8120481927710843,0.5373493975903615
"2024","Lynch IV, Daniel","663738","Royals","KC","L","93","225","631",3.8950617283950617,0.35657686212361334,"FF","4-Seam Fastball",16.5,-15.3,-1.2,"-8",15.1,8.4,-6.8,1.6,"23",0.28674698795180725,0.6843373493975904
"2024","Burr, Ryan","621114","Blue Jays","TOR","R","94.1","225","570",3.5185185185185186,0.39473684210526316,"FF","4-Seam Fastball",14.2,-14,-0.2,"-1",16.8,1,-6.1,-5.1,"-83",0.4771084337349398,0.05301204819277108
"2024","Javier, Cristian","664299","Astros","HOU","R","91.7","224","570",3.540372670807453,0.3929824561403509,"FF","4-Seam Fastball",12.9,-16.3,3.4,"21",20,5.8,-7.3,-1.5,"-21",0.9951807228915662,0.26506024096385544
"2024","Kelly, Merrill","518876","D-backs","AZ","R","91.9","224","1142",7.049382716049383,0.19614711033274956,"FF","4-Seam Fastball",17.8,-16.9,-0.8,"-5",14.5,8.3,-8.5,-0.2,"-3",0.3566265060240964,0.4433734939759036
"2024","Ruiz, José","614179","Phillies","PHI","R","96.4","224","835",5.154320987654321,0.2682634730538922,"FF","4-Seam Fastball",12,-13.2,1.2,"9",17.5,5.9,-7.3,-1.4,"-20",0.7975903614457831,0.28433734939759037
"2024","Milner, Hoby","571948","Brewers","MIL","L","88.8","223","1043",6.438271604938271,0.21380632790028764,"FF","4-Seam Fastball",27.8,-24.3,-3.5,"-15",7.1,15.1,-10.7,4.4,"42",0.06987951807228916,0.9397590361445783
"2024","Winn, Keaton","676775","Giants","SF","R","95.7","223","877",5.41358024691358,0.2542759407069555,"FF","4-Seam Fastball",14.8,-13.6,-1.2,"-9",15.2,10,-7.2,2.9,"40",0.28674698795180725,0.8385542168674699
"2024","Soriano, George","666277","Marlins","MIA","R","94.1","223","519",3.2037037037037037,0.4296724470134875,"FF","4-Seam Fastball",19.6,-16.7,-2.9,"-18",11.2,8.9,-9.5,-0.6,"-6",0.10602409638554217,0.3927710843373494
"2024","Johnson, Pierce","572955","Braves","ATL","R","95.5","221","916",5.654320987654321,0.24126637554585154,"FF","4-Seam Fastball",14.2,-14.1,-0.1,"-1",15.9,10.4,-7.8,2.6,"33",0.5012048192771085,0.8024096385542169
"2024","Schreiber, John","670167","Royals","KC","R","92.9","219","895",5.5246913580246915,0.2446927374301676,"FF","4-Seam Fastball",23,-19.5,-3.5,"-18",8.6,11.5,-11.7,-0.2,"-2",0.06987951807228916,0.4433734939759036
"2024","Corbin, Patrick","571578","Nationals","WSH","L","91.3","219","2888",17.82716049382716,0.07583102493074792,"FF","4-Seam Fastball",18.8,-15.9,-2.9,"-18",14,8.3,-6,2.3,"38",0.10602409638554217,0.7686746987951807
"2024","Eflin, Zach","621107","Orioles","BAL","R","92.4","218","2447",15.104938271604938,0.08908868001634655,"FF","4-Seam Fastball",19.4,-16.1,-3.4,"-21",12.6,8.7,-7.2,1.4,"20",0.0819277108433735,0.6602409638554216
"2024","Stratton, Hunter","676702","Pirates","PIT","R","95.5","216","587",3.623456790123457,0.3679727427597956,"FF","4-Seam Fastball",15,-14,-1,"-7",15,2.2,-7.4,-5.2,"-70",0.30843373493975906,0.04819277108433735
"2024","Black, Mason","696131","Giants","SF","R","92.4","213","663",4.092592592592593,0.3212669683257919,"FF","4-Seam Fastball",17.6,-17.3,-0.3,"-2",14.4,12.4,-8.9,3.5,"39",0.45542168674698796,0.891566265060241
"2024","Pérez, Cionel","672335","Orioles","BAL","L","96.5","209","864",5.333333333333333,0.24189814814814814,"FF","4-Seam Fastball",14.8,-14.6,-0.2,"-2",14.5,6.3,-8.8,-2.5,"-28",0.4771084337349398,0.15180722891566265
"2024","Barlow, Scott","605130","Guardians","CLE","R","91.4","209","1022",6.3478260869565215,0.2045009784735812,"FF","4-Seam Fastball",22.2,-17.7,-4.5,"-25",10.3,2.2,-8.4,-6.1,"-73",0.04096385542168675,0.033734939759036145
"2024","Martin, Chris","455119","Red Sox","BOS","R","94.7","204","657",4.055555555555555,0.3105022831050228,"FF","4-Seam Fastball",15.1,-14.1,-0.9,"-7",15.5,9.2,-6.9,2.3,"34",0.3397590361445783,0.7686746987951807
"2024","Holton, Tyler","663947","Tigers","DET","L","92.1","204","1339",8.265432098765432,0.15235250186706498,"FF","4-Seam Fastball",15.9,-16,0.1,"1",16.3,5.7,-6.9,-1.2,"-17",0.5542168674698795,0.3156626506024096
"2024","Brazobán, Huascar","623211","Mets","NYM","R","96.6","196","899",5.549382716049383,0.21802002224694106,"FF","4-Seam Fastball",15.5,-14,-1.5,"-11",13.8,9.4,-8.3,1.1,"13",0.23373493975903614,0.6168674698795181
"2024","Smith, Will","519293","Royals","KC","L","91.2","195","673",4.154320987654321,0.2897473997028232,"FF","4-Seam Fastball",15.8,-15.6,-0.2,"-1",17.1,7.2,-5.9,1.4,"23",0.4771084337349398,0.6602409638554216
"2024","Thompson, Keegan","624522","Cubs","CHC","R","93.5","194","538",3.3209876543209877,0.36059479553903345,"FF","4-Seam Fastball",16.9,-15.4,-1.5,"-10",14.2,2,-7.5,-5.6,"-74",0.23373493975903614,0.043373493975903614
"2024","Roycroft, Chris","688297","Cardinals","STL","R","95","193","596",3.6790123456790123,0.3238255033557047,"FF","4-Seam Fastball",20.7,-15.2,-5.5,"-37",9.4,4.7,-8.5,-3.8,"-45",0.01927710843373494,0.09879518072289156
"2024","Garabito, Gerson","642520","Rangers","TEX","R","93.3","193","492",3.037037037037037,0.39227642276422764,"FF","4-Seam Fastball",15.1,-15.5,0.4,"3",16.3,5.5,-7.3,-1.8,"-24",0.6385542168674698,0.22650602409638554
"2024","Ross, Joe","605452","Brewers","MIL","R","94.8","192","1197",7.388888888888889,0.16040100250626566,"FF","4-Seam Fastball",16.7,-14.7,-2.1,"-14",13.7,5.9,-7.5,-1.6,"-21",0.16626506024096385,0.2433734939759036
"2024","Adams, Austin","613534","Athletics","OAK","R","93.4","192","805",4.969135802469136,0.23850931677018633,"FF","4-Seam Fastball",20.7,-17.1,-3.6,"-21",10.6,7.5,-9.9,-2.5,"-25",0.06265060240963856,0.15180722891566265
"2024","Zerpa, Angel","672582","Royals","KC","L","95.8","191","951",5.87037037037037,0.20084121976866456,"FF","4-Seam Fastball",17.9,-15.6,-2.4,"-15",11.8,9.8,-9.7,0.1,"1",0.1493975903614458,0.4771084337349398
"2024","Cabrera, Génesis","650893","Blue Jays","TOR","L","95.9","190","1030",6.3580246913580245,0.18446601941747573,"FF","4-Seam Fastball",12.5,-13.9,1.4,"10",17.4,9.8,-7.8,2,"25",0.8313253012048193,0.7325301204819277
"2024","Law, Derek","571882","Nationals","WSH","R","95.1","186","1368",8.444444444444445,0.13596491228070176,"FF","4-Seam Fastball",13.6,-13.4,-0.2,"-1",16.6,3.9,-6.6,-2.7,"-40",0.4771084337349398,0.1493975903614458
"2024","Houser, Adrian","605288","Mets","NYM","R","93.5","186","1131",6.981481481481482,0.16445623342175067,"FF","4-Seam Fastball",15.6,-15,-0.6,"-4",15.8,9.2,-6.9,2.4,"34",0.40963855421686746,0.7903614457831325
"2024","Sánchez, Sixto","664350","Marlins","MIA","R","93.8","185","621",3.8333333333333335,0.29790660225442833,"FF","4-Seam Fastball",16.9,-15.1,-1.8,"-12",14.4,7.3,-7.5,-0.2,"-2",0.19759036144578312,0.4433734939759036
"2024","Kershaw, Clayton","477132","Dodgers","LAD","L","89.9","177","504",3.111111111111111,0.35119047619047616,"FF","4-Seam Fastball",16.5,-17.1,0.6,"3",17.2,0.1,-6.3,-6.2,"-99",0.6795180722891566,0.03132530120481928
"2024","Gonzales, Marco","594835","Pirates","PIT","L","89.7","172","546",3.3703703703703702,0.315018315018315,"FF","4-Seam Fastball",18.6,-18,-0.6,"-3",15.4,11.2,-7.3,3.9,"54",0.40963855421686746,0.9132530120481928
"2024","Webb, Logan","657277","Giants","SF","R","92.6","170","3201",19.75925925925926,0.05310840362386754,"FF","4-Seam Fastball",21.7,-17.5,-4.2,"-24",10.1,8.2,-9.3,-1.1,"-12",0.043373493975903614,0.3325301204819277
"2024","Vieira, Thyago","600986","D-backs","AZ","R","97.8","167","737",4.549382716049383,0.2265943012211669,"FF","4-Seam Fastball",12.4,-12.5,0.1,"1",16.3,9.8,-7.4,2.3,"32",0.5542168674698795,0.7686746987951807
"2024","Devenski, Chris","606965","Rays","TB","R","93","165","533",3.2901234567901234,0.30956848030018763,"FF","4-Seam Fastball",14.5,-14.9,0.4,"3",17.3,10.9,-6.6,4.3,"66",0.6385542168674698,0.9301204819277108
"2024","Brito, Jhony","666745","Padres","SD","R","96.3","165","628",3.876543209876543,0.2627388535031847,"FF","4-Seam Fastball",15.8,-13.3,-2.5,"-19",13.7,11.1,-7.3,3.8,"52",0.14216867469879518,0.9108433734939759
"2024","Walker, Taijuan","592836","Phillies","PHI","R","91.5","164","1435",8.858024691358025,0.11428571428571428,"FF","4-Seam Fastball",15.8,-15.5,-0.3,"-2",16.9,9.3,-6.1,3.2,"53",0.45542168674698796,0.8746987951807229
"2024","Garrett, Reed","657585","Mets","NYM","R","96.8","161","980",6.049382716049383,0.16428571428571428,"FF","4-Seam Fastball",12.9,-13.9,1,"7",16.5,8.6,-8.1,0.5,"7",0.744578313253012,0.5277108433734939
"2024","Chafin, Andrew","605177","Rangers","TEX","L","91.7","161","967",5.969135802469136,0.16649431230610134,"FF","4-Seam Fastball",16.4,-15.7,-0.8,"-5",16.3,8.5,-6.1,2.5,"41",0.3566265060240964,0.7951807228915663
"2024","Floro, Dylan","571670","D-backs","AZ","R","89.8","161","1018",6.283950617283951,0.1581532416502947,"FF","4-Seam Fastball",20.1,-17.3,-2.8,"-16",13.9,9,-6.4,2.6,"41",0.11325301204819277,0.8024096385542169
"2024","López, Jorge","605347","Cubs","CHC","R","95.6","160","802",4.950617283950617,0.19950124688279303,"FF","4-Seam Fastball",16.2,-14.3,-2,"-14",13.7,10.9,-7.7,3.3,"42",0.17590361445783131,0.8795180722891566
"2024","Anderson, Chase","502624","Rangers","TEX","R","93.6","151","1016",6.271604938271605,0.1486220472440945,"FF","4-Seam Fastball",15.6,-15.3,-0.3,"-2",15.6,7.5,-7.8,-0.3,"-4",0.45542168674698796,0.42409638554216866
"2024","Okert, Steven","595345","Twins","MIN","L","93","146","616",3.802469135802469,0.237012987012987,"FF","4-Seam Fastball",17.2,-15.7,-1.5,"-10",14.5,7.7,-7.3,0.4,"6",0.23373493975903614,0.5156626506024097
"2024","Kahnle, Tommy","592454","Yankees","NYY","R","94.2","145","750",4.62962962962963,0.19333333333333333,"FF","4-Seam Fastball",15.5,-14.6,-0.8,"-6",15.3,5.6,-7,-1.4,"-20",0.3566265060240964,0.28433734939759037
"2024","Hamilton, Ian","641656","Yankees","NYY","R","96.4","139","619",3.8209876543209877,0.2245557350565428,"FF","4-Seam Fastball",14.6,-13.8,-0.9,"-6",14.8,9.7,-8.1,1.7,"21",0.3397590361445783,0.6939759036144578
"2024","McCaughan, Darren","670766","Marlins","MIA","R","89.4","139","714",4.407407407407407,0.19467787114845939,"FF","4-Seam Fastball",19.7,-19.1,-0.6,"-3",14.5,8.1,-8.4,-0.3,"-4",0.40963855421686746,0.42409638554216866
"2024","Rodríguez, Manuel","655889","Rays","TB","R","96.7","136","605",3.734567901234568,0.22479338842975208,"FF","4-Seam Fastball",13.6,-13.9,0.3,"2",15.7,3.9,-8,-4.1,"-51",0.6048192771084338,0.07951807228915662
"2024","Lowder, Rhett","695076","Reds","CIN","R","93.5","136","498",3.074074074074074,0.27309236947791166,"FF","4-Seam Fastball",16.5,-15.3,-1.2,"-8",14.8,10.4,-7.5,2.9,"39",0.28674698795180725,0.8385542168674699
"2024","Kelly, Joe","523260","Dodgers","LAD","R","98.1","136","552",3.4074074074074074,0.2463768115942029,"FF","4-Seam Fastball",15.3,-14.3,-1,"-7",13.2,11.2,-8.9,2.3,"25",0.30843373493975906,0.7686746987951807
"2024","Martinez, Justin","679885","D-backs","AZ","R","100.5","134","1177",7.265432098765432,0.11384876805437553,"FF","4-Seam Fastball",13.4,-11.7,-1.8,"-15",13.7,8.8,-8.4,0.4,"5",0.19759036144578312,0.5156626506024097
"2024","Anderson, Nick","623433","Royals","KC","R","94.7","129","573",3.537037037037037,0.225130890052356,"FF","4-Seam Fastball",15,-14,-0.9,"-7",15.4,5.7,-7,-1.3,"-19",0.3397590361445783,0.2987951807228916
"2024","Ramírez, Yohan","670990","Red Sox","BOS","R","94.8","129","768",4.7407407407407405,0.16796875,"FF","4-Seam Fastball",16.9,-15.9,-1,"-6",13.6,10.5,-9.4,1.1,"12",0.30843373493975906,0.6168674698795181
"2024","Kittredge, Andrew","552640","Cardinals","STL","R","94","128","1029",6.351851851851852,0.12439261418853255,"FF","4-Seam Fastball",16.3,-15,-1.3,"-9",14.5,0.7,-7.2,-6.5,"-90",0.27710843373493976,0.024096385542168676
"2024","Priester, Quinn","682990","Red Sox","BOS","R","93","117","811",5.006172839506172,0.1442663378545006,"FF","4-Seam Fastball",17.7,-15.4,-2.3,"-15",13.7,5.5,-7.1,-1.6,"-23",0.1566265060240964,0.2433734939759036
"2024","Bielak, Brandon","656232","Athletics","OAK","R","91.9","117","510",3.1481481481481484,0.22941176470588234,"FF","4-Seam Fastball",17.3,-15.3,-2,"-13",15.1,5.2,-6.9,-1.6,"-24",0.17590361445783131,0.2433734939759036
"2024","Pérez, Martín","527048","Padres","SD","L","91.3","116","2204",13.604938271604938,0.05263157894736842,"FF","4-Seam Fastball",18,-16.5,-1.5,"-9",14.8,10.8,-7.3,3.5,"47",0.23373493975903614,0.891566265060241
"2024","Soto, Gregory","642397","Orioles","BAL","L","97.9","116","960",5.925925925925926,0.12083333333333333,"FF","4-Seam Fastball",15.9,-12.9,-3,"-23",12.7,11.3,-7.9,3.5,"44",0.0963855421686747,0.891566265060241
"2024","Cano, Yennier","666974","Orioles","BAL","R","96.6","111","1008",6.222222222222222,0.11011904761904762,"FF","4-Seam Fastball",21.4,-14.8,-6.6,"-45",8.1,14.7,-9,5.8,"65",0.0024096385542168677,0.9855421686746988
"2024","Ureña, José","570632","Rangers","TEX","R","96.4","111","1760",10.864197530864198,0.06306818181818181,"FF","4-Seam Fastball",16.7,-14.2,-2.5,"-18",12.8,12.8,-8.1,4.7,"57",0.14216867469879518,0.9493975903614458
"2024","Elder, Bryce","693821","Braves","ATL","R","91.5","110","864",5.333333333333333,0.12731481481481483,"FF","4-Seam Fastball",16.9,-15.3,-1.6,"-10",15.7,3.8,-6,-2.2,"-37",0.22650602409638554,0.19036144578313252
"2024","Phillips, Tyler","663969","Phillies","PHI","R","92.7","108","578",3.567901234567901,0.18685121107266436,"FF","4-Seam Fastball",22.2,-15.7,-6.5,"-42",9.5,3,-7.1,-4,"-57",0.004819277108433735,0.08433734939759036
"2024","Hicks, Jordan","663855","Giants","SF","R","95.5","106","1958",12.08641975308642,0.054136874361593465,"FF","4-Seam Fastball",16.9,-14.2,-2.7,"-19",13.2,10.4,-7.5,2.9,"39",0.12048192771084337,0.8385542168674699
"2024","Kolek, Stephen","663568","Padres","SD","R","95.8","105","797",4.919753086419753,0.13174404015056462,"FF","4-Seam Fastball",16,-14.6,-1.4,"-9",13.9,5.9,-8.2,-2.3,"-28",0.25783132530120484,0.18072289156626506
"2024","Lovelady, Richard","663992","Rays","TB","L","92.4","104","528",3.259259259259259,0.19696969696969696,"FF","4-Seam Fastball",18.2,-16.9,-1.3,"-8",14,9.6,-8.4,1.3,"15",0.27710843373493976,0.6409638554216868
"2024","Thompson, Ryan","657044","D-backs","AZ","R","92.5","100","977",6.030864197530864,0.1023541453428864,"FF","4-Seam Fastball",24.9,-21.8,-3.2,"-15",7.1,11.7,-12.2,-0.4,"-4",0.0891566265060241,0.41445783132530123
"2024","Ottavino, Adam","493603","Mets","NYM","R","93.2","99","1003",6.191358024691358,0.09870388833499502,"FF","4-Seam Fastball",17.3,-15.8,-1.4,"-9",14.2,9,-7.7,1.3,"17",0.25783132530120484,0.6409638554216868
"2024","Bummer, Aaron","607481","Braves","ATL","L","93.6","97","974",6.012345679012346,0.09958932238193019,"FF","4-Seam Fastball",20.7,-17.2,-3.5,"-20",10.4,11.1,-9.9,1.3,"13",0.06987951807228916,0.6409638554216868
"2024","Junis, Jakob","596001","Reds","CIN","R","92.5","94","943",5.820987654320987,0.09968186638388123,"FF","4-Seam Fastball",18.3,-16.2,-2.1,"-13",13.6,5.6,-7.8,-2.2,"-28",0.16626506024096385,0.19036144578313252
"2024","Romero, JoJo","668941","Cardinals","STL","L","95.1","91","919",5.672839506172839,0.09902067464635474,"FF","4-Seam Fastball",17.1,-15.4,-1.7,"-11",13.2,10.1,-9.3,0.8,"9",0.21445783132530122,0.5807228915662651
"2024","Kuhl, Chad","641771","White Sox","CWS","R","95","89","980",6.049382716049383,0.09081632653061225,"FF","4-Seam Fastball",19.5,-15.5,-4,"-26",10.9,14,-8.8,5.2,"60",0.05301204819277108,0.9662650602409638
"2024","Bradish, Kyle","680694","Orioles","BAL","R","94.5","88","674",4.160493827160494,0.13056379821958458,"FF","4-Seam Fastball",16.6,-14,-2.6,"-18",13.9,3,-6.5,-9.5,"-145",0.13253012048192772,0
"2024","Chirinos, Yonny","630023","Marlins","MIA","R","93","85","515",3.1790123456790123,0.1650485436893204,"FF","4-Seam Fastball",17,-14.7,-2.3,"-16",14.6,9,-6.5,2.5,"38",0.1566265060240964,0.7951807228915663
"2024","Tyler, Kyle","667725","Marlins","MIA","R","90.6","84","580",3.580246913580247,0.14482758620689656,"FF","4-Seam Fastball",21.3,-16.8,-4.6,"-27",11.8,7.3,-6.4,0.8,"13",0.033734939759036145,0.5807228915662651
"2024","Garrett, Braxton","666129","Marlins","MIA","L","90.7","83","588",3.6296296296296298,0.141156462585034,"FF","4-Seam Fastball",18.4,-17,-1.4,"-8",15,6.5,-6.7,-0.2,"-3",0.25783132530120484,0.4433734939759036
"2024","Treinen, Blake","595014","Dodgers","LAD","R","94.3","82","737",4.549382716049383,0.1112618724559023,"FF","4-Seam Fastball",17.5,-14.5,-3,"-21",13.1,8,-7.7,0.4,"5",0.0963855421686747,0.5156626506024097
"2024","Tinoco, Jesus","622786","Marlins","MIA","R","96.4","82","644",3.9753086419753085,0.12732919254658384,"FF","4-Seam Fastball",15.5,-14.9,-0.6,"-4",14.1,10.7,-8.9,1.9,"21",0.40963855421686746,0.7228915662650602
"2024","McArthur, James","663704","Royals","KC","R","94.7","81","904",5.580246913580247,0.08960176991150443,"FF","4-Seam Fastball",17,-14.6,-2.4,"-16",13.5,10,-7.3,2.7,"37",0.1493975903614458,0.8144578313253013
"2024","Cronin, Declan","686539","Marlins","MIA","R","93.9","79","1096",6.765432098765432,0.07208029197080291,"FF","4-Seam Fastball",17.4,-16.5,-0.9,"-5",13.7,9.6,-9.5,0.1,"2",0.3397590361445783,0.4771084337349398
"2024","Foley, Jason","671345","Tigers","DET","R","97.2","74","905",5.58641975308642,0.08176795580110498,"FF","4-Seam Fastball",16.1,-13.4,-2.7,"-20",12.8,12.1,-7.9,4.2,"53",0.12048192771084337,0.9253012048192771
"2024","Winckowski, Josh","670174","Red Sox","BOS","R","95.1","63","1240",7.654320987654321,0.050806451612903224,"FF","4-Seam Fastball",15.5,-14.1,-1.4,"-10",14.7,5.7,-7.2,-1.5,"-21",0.25783132530120484,0.26506024096385544
"2024","Toussaint, Touki","657053","White Sox","CWS","R","91.6","57","491",3.0308641975308643,0.11608961303462322,"FF","4-Seam Fastball",21.6,-17,-4.7,"-27",10.9,9.2,-7.7,1.5,"20",0.03132530120481928,0.6674698795180722
"2024","Peralta, Wandy","593974","Padres","SD","L","95.4","56","613",3.7839506172839505,0.09135399673735727,"FF","4-Seam Fastball",15.9,-14.1,-1.8,"-13",14.3,11.6,-8,3.6,"45",0.19759036144578312,0.9060240963855422
"2024","García, Luis","472610","Red Sox","BOS","R","96.1","54","898",5.54320987654321,0.060133630289532294,"FF","4-Seam Fastball",15.3,-13.2,-2.1,"-16",14.4,5.8,-6.9,-1,"-15",0.16626506024096385,0.35180722891566263
"2024","Kochanowicz, Jack","686799","Angels","LAA","R","96.3","53","859",5.302469135802469,0.06169965075669383,"FF","4-Seam Fastball",16.2,-13.4,-2.8,"-21",13.3,9.5,-7.3,2.1,"29",0.11325301204819277,0.7421686746987952
"2024","Hoeing, Bryan","663773","Padres","SD","R","94.3","47","782",4.827160493827161,0.06010230179028133,"FF","4-Seam Fastball",20.4,-14.5,-5.9,"-41",10.3,10.9,-7,3.9,"56",0.012048192771084338,0.9132530120481928
"2024","Bivens, Spencer","702352","Giants","SF","R","94.2","47","768",4.7407407407407405,0.061197916666666664,"FF","4-Seam Fastball",18.9,-14.7,-4.2,"-28",11.9,10.2,-7.3,3,"41",0.043373493975903614,0.8578313253012049
"2024","Hurter, Brant","676428","Tigers","DET","L","92.1","46","645",3.9814814814814814,0.07131782945736434,"FF","4-Seam Fastball",21.5,-15.9,-5.6,"-35",10.6,6.3,-7.2,-0.9,"-12",0.016867469879518072,0.3614457831325301
"2024","Salazar, Eduardo","674285","Nationals","WSH","R","95.4","34","494",3.049382716049383,0.06882591093117409,"FF","4-Seam Fastball",16.7,-14.3,-2.3,"-16",13.4,10.6,-7.6,3,"40",0.1566265060240964,0.8578313253012049